scenario_id,source_shard,record_number,duration_seconds,time_step_count,current_time_index,current_time_seconds,total_track_count,valid_agent_count,moving_agent_count,vehicle_count,pedestrian_count,cyclist_count,other_agent_count,lane_count,road_line_count,road_edge_count,stop_sign_count,crosswalk_count,speed_bump_count,driveway_count,unknown_map_feature_count,traffic_signal_count,traffic_signal_observations,mean_agent_speed_mps,maximum_agent_speed_mps,objects_of_interest_count,tracks_to_predict_count,sdc_track_index,complexity_index_v1
b85e1bd6cc8e74c0,validation.tfrecord-00000-of-00150,0,9.0,91,10,1.00001,14,14,5,14,0,0,0,92,11,19,1,0,4,12,0,0,0,11.597,21.434,0,2,13,14.71
4d82fec943ddaa44,validation.tfrecord-00000-of-00150,1,8.999,91,10,0.99988,105,105,3,104,1,0,0,94,4,38,7,0,0,124,0,0,0,0.219,8.326,2,2,104,52.67
bbc29ed5e271f29b,validation.tfrecord-00000-of-00150,2,9.0,91,10,1.0,83,83,22,81,2,0,0,246,42,68,1,10,4,40,0,6,546,5.308,23.909,0,4,82,87.28
e62aa413f7123df2,validation.tfrecord-00000-of-00150,3,8.987,91,10,0.99992,80,80,10,76,4,0,0,81,25,27,8,4,0,39,0,0,0,0.347,10.277,0,1,79,56.38
75ae707721eb23b4,validation.tfrecord-00000-of-00150,4,9.0,91,10,1.00013,23,23,20,22,0,1,0,108,29,32,6,0,4,43,0,0,0,11.057,24.211,0,4,22,26.94
8648f5e79d851915,validation.tfrecord-00000-of-00150,5,9.0,91,10,0.99996,84,84,27,79,5,0,0,292,57,55,5,6,13,44,0,0,0,3.602,22.555,0,3,83,85.91
b3d21f3e926402b8,validation.tfrecord-00000-of-00150,6,9.001,91,10,0.99995,61,61,15,57,4,0,0,181,52,44,2,3,7,22,0,6,534,2.175,17.607,0,2,60,64.53
6674063a1f2918e7,validation.tfrecord-00000-of-00150,7,9.0,91,10,1.00009,41,41,21,41,0,0,0,168,39,76,7,4,8,83,0,6,402,13.939,36.16,0,1,40,50.69
52dafd686fe77b21,validation.tfrecord-00000-of-00150,8,9.0,91,10,0.99997,118,118,83,110,4,4,0,350,60,47,1,8,15,22,0,18,744,5.292,38.023,2,7,117,100.0
c95a61d1861f429a,validation.tfrecord-00000-of-00150,9,8.998,91,10,1.00001,41,41,29,38,3,0,0,183,45,37,2,6,4,2,0,23,889,4.126,19.661,0,8,40,85.24
923a0c6bb90f4127,validation.tfrecord-00000-of-00150,10,8.994,91,10,0.9999,3,3,3,3,0,0,0,66,16,21,5,3,2,15,0,0,0,5.55,14.333,2,2,2,12.03
6331adf4166f24de,validation.tfrecord-00000-of-00150,11,9.001,91,10,0.99992,103,103,30,88,15,0,0,469,57,68,9,17,10,17,0,5,450,3.351,17.256,0,6,102,100.0
cc9589317338f404,validation.tfrecord-00000-of-00150,12,9.0,91,10,0.99999,82,82,42,80,2,0,0,424,41,59,4,8,14,5,0,7,623,3.041,29.879,0,8,81,100.0
7c6ac47c0deee2af,validation.tfrecord-00000-of-00150,13,9.0,91,10,0.99995,39,39,17,38,1,0,0,100,38,33,3,3,2,19,0,15,837,3.231,23.155,0,2,38,54.9
8d0ef6b17198e5fc,validation.tfrecord-00000-of-00150,14,9.0,91,10,0.99979,48,48,8,45,3,0,0,98,36,31,5,4,3,93,0,4,364,0.492,10.138,0,1,47,47.14
cab49708968f63ea,validation.tfrecord-00000-of-00150,15,9.019,91,10,0.99994,10,10,3,9,0,1,0,38,0,14,6,0,4,52,0,0,0,1.418,9.553,0,2,9,10.19
6f7c8085d2349995,validation.tfrecord-00000-of-00150,16,8.998,91,10,0.99725,57,57,12,50,7,0,0,91,0,41,17,20,0,192,0,0,0,0.713,11.099,0,4,56,78.98
a18fcad9beede995,validation.tfrecord-00000-of-00150,17,9.0,91,10,0.99992,30,30,19,23,6,1,0,444,32,58,0,12,22,8,0,11,990,2.782,21.279,2,6,29,100.0
e051a863545dcba,validation.tfrecord-00000-of-00150,18,9.0,91,10,0.99984,81,81,40,77,4,0,0,103,34,19,1,7,0,49,0,6,540,4.678,17.253,2,7,80,81.04
ff822d94e1b029e,validation.tfrecord-00000-of-00150,19,9.0,91,10,0.99992,32,32,10,30,2,0,0,118,30,45,4,2,6,55,0,0,0,1.282,23.924,0,2,31,32.94
1d1f5fa04d938a95,validation.tfrecord-00000-of-00150,20,9.0,91,10,0.99982,111,111,98,110,1,0,0,123,62,33,1,7,0,7,0,14,761,8.653,28.912,0,2,110,100.0
d4a4aac0a880c4a1,validation.tfrecord-00000-of-00150,21,9.0,91,10,0.99997,133,133,40,110,23,0,0,12,5,5,1,2,2,18,0,0,0,0.403,15.895,0,5,132,100.0
5d3dd267ff0560f8,validation.tfrecord-00000-of-00150,22,9.0,91,10,1.00004,73,73,20,62,9,2,0,100,14,23,0,5,7,17,0,7,630,0.581,15.989,0,5,72,83.55
137a96e2448a70f2,validation.tfrecord-00000-of-00150,23,9.0,91,10,1.00017,26,26,12,19,7,0,0,99,33,26,5,7,0,73,0,8,720,1.092,18.031,0,4,25,57.72
6c473fa0f3ec89d4,validation.tfrecord-00000-of-00150,24,9.0,91,10,1.00002,64,64,50,58,5,1,0,573,114,65,3,16,21,29,0,13,1157,2.97,21.958,0,5,63,100.0
d1988864008fc062,validation.tfrecord-00000-of-00150,25,9.0,91,10,0.99982,36,36,20,26,9,1,0,80,22,23,1,4,1,40,0,14,656,4.981,18.748,0,5,35,72.3
867742bb79b60ef1,validation.tfrecord-00000-of-00150,26,9.007,91,10,1.00113,8,8,6,5,3,0,0,123,16,43,9,0,8,45,0,0,0,4.553,14.875,2,2,7,21.44
cbcc8c3d0cd793e3,validation.tfrecord-00000-of-00150,27,9.0,91,10,1.00004,97,97,46,63,34,0,0,118,61,43,0,6,1,24,0,16,1456,1.232,19.16,0,5,96,100.0
937a36fda7590344,validation.tfrecord-00000-of-00150,28,9.0,91,10,0.99998,16,16,8,16,0,0,0,87,40,29,0,11,0,22,0,10,900,2.144,16.039,2,4,15,45.16
31dacbbc13bea3a5,validation.tfrecord-00000-of-00150,29,9.0,91,10,0.99993,77,77,27,72,4,1,0,97,34,24,3,8,1,14,0,8,720,1.348,18.873,2,7,76,80.51
63aa81280dec3a04,validation.tfrecord-00000-of-00150,30,9.0,91,10,1.00002,42,42,25,41,1,0,0,208,27,34,0,4,12,25,0,13,1170,3.757,23.687,2,4,41,66.54
5baef16beff3351,validation.tfrecord-00000-of-00150,31,9.0,91,10,1.00006,38,38,18,38,0,0,0,49,21,14,5,3,1,41,0,0,0,1.482,24.922,2,4,37,29.92
7d80ed6e1b3a4bca,validation.tfrecord-00000-of-00150,32,9.0,91,10,0.99999,112,112,40,103,9,0,0,396,43,62,6,9,10,51,0,7,623,2.897,21.113,2,4,111,100.0
37f777c6ace6ef2d,validation.tfrecord-00000-of-00150,33,9.0,91,10,1.00005,27,27,4,27,0,0,0,53,11,31,7,6,4,72,0,0,0,1.316,10.109,2,2,26,25.44
4256e2c605c242e4,validation.tfrecord-00000-of-00150,34,9.001,91,10,0.99993,26,26,25,25,1,0,0,65,26,20,0,4,1,19,0,6,534,8.967,20.506,0,2,25,39.95
bd64b1e53258417d,validation.tfrecord-00000-of-00150,35,8.999,91,10,1.0002,23,23,13,20,3,0,0,159,33,37,7,16,5,57,0,0,0,7.029,16.808,0,4,22,56.77
3eea09dc81191856,validation.tfrecord-00000-of-00150,36,8.988,91,10,0.9976,221,221,26,193,28,0,0,180,7,65,0,4,0,4,0,0,0,0.125,24.218,0,3,220,100.0
52b497677c713bb,validation.tfrecord-00000-of-00150,37,9.0,91,10,0.99999,42,42,26,39,3,0,0,61,30,13,0,4,1,2,0,9,819,2.859,15.462,0,7,41,54.33
2c25db5bb4c518fc,validation.tfrecord-00000-of-00150,38,9.0,91,10,1.00004,34,34,13,34,0,0,0,219,93,59,2,15,0,3,0,6,540,2.619,17.626,0,2,33,65.67
2d129da061cb3f3c,validation.tfrecord-00000-of-00150,39,8.984,91,10,0.99002,20,20,10,19,1,0,0,264,29,35,1,11,6,29,0,9,459,7.421,21.555,0,2,19,62.47
b1d2abd2a7071a9e,validation.tfrecord-00000-of-00150,40,9.0,91,10,1.0001,73,73,13,72,1,0,0,206,42,35,2,6,3,26,0,11,979,0.948,19.502,0,3,72,75.08
456c82a2483907f9,validation.tfrecord-00000-of-00150,41,9.0,91,10,1.00005,87,87,50,70,16,1,0,89,30,20,2,8,1,16,0,7,630,2.419,17.132,0,8,86,100.0
8d48879913fb7242,validation.tfrecord-00000-of-00150,42,9.0,91,10,0.99995,23,23,17,10,10,3,0,36,8,34,5,4,0,2,0,0,0,2.069,12.595,0,5,22,51.33
3b209d0ac3924163,validation.tfrecord-00000-of-00150,43,9.0,91,10,1.00004,25,25,17,23,1,1,0,113,44,41,2,3,1,36,0,8,632,3.529,20.462,0,5,24,43.69
d782e0b81cb67a55,validation.tfrecord-00000-of-00150,44,8.999,91,10,0.99951,41,41,19,22,14,5,0,106,35,46,3,11,0,39,0,4,360,1.043,19.308,2,4,40,92.93
bec74a69a06a8a83,validation.tfrecord-00000-of-00150,45,9.0,91,10,0.99999,56,56,33,51,4,1,0,335,73,59,2,8,4,16,0,18,1620,2.294,27.414,0,6,55,100.0
f3b2459ccaf463ce,validation.tfrecord-00000-of-00150,46,9.0,91,10,0.99988,122,122,77,104,18,0,0,329,48,42,5,10,7,26,0,16,1424,2.856,23.262,0,8,121,100.0
9c2e4ca680e4dd24,validation.tfrecord-00000-of-00150,47,9.0,91,10,0.99998,28,28,28,27,1,0,0,82,29,25,0,3,2,13,0,19,1488,6.26,24.491,0,4,27,57.91
afaaf8c731b424b0,validation.tfrecord-00000-of-00150,48,9.0,91,10,0.99992,48,48,24,26,22,0,0,29,6,15,3,4,0,31,0,0,0,0.791,9.397,0,3,47,82.12
3269bc19bf1bd1e1,validation.tfrecord-00000-of-00150,49,9.0,91,10,0.99978,83,83,44,65,18,0,0,107,33,51,8,12,0,109,0,3,270,3.13,21.739,0,1,82,100.0
e5f179316977727d,validation.tfrecord-00000-of-00150,50,9.0,91,10,0.99968,36,36,35,35,0,1,0,285,77,63,3,9,7,4,0,16,899,13.058,25.381,2,8,35,85.05
e73b04f426df896d,validation.tfrecord-00000-of-00150,51,9.016,91,10,0.9999,33,33,6,33,0,0,0,105,50,29,7,6,1,71,0,0,0,0.956,17.746,2,4,32,32.7
2ab64be7dcf7880f,validation.tfrecord-00000-of-00150,52,9.0,91,10,0.99995,21,21,20,21,0,0,0,273,57,59,6,12,3,22,0,0,0,17.556,30.078,0,3,20,55.24
3a4ae9ee778d3ee,validation.tfrecord-00000-of-00150,53,8.999,91,10,0.99962,41,41,23,41,0,0,0,204,30,37,2,8,9,25,0,6,540,1.614,12.372,0,3,40,60.27
1bb837605aa83b56,validation.tfrecord-00000-of-00150,54,9.0,91,10,1.00009,20,20,11,18,2,0,0,459,84,74,5,7,9,32,0,27,1532,4.403,20.277,0,4,19,97.02
c5e79c87c080a08d,validation.tfrecord-00000-of-00150,55,9.0,91,10,0.99988,136,136,83,114,19,3,0,198,43,54,7,5,4,44,0,19,900,6.236,30.912,2,4,135,100.0
308716b64a079919,validation.tfrecord-00000-of-00150,56,9.003,91,10,1.00173,260,260,96,195,65,0,0,149,18,27,9,2,4,16,0,0,0,0.448,18.782,0,6,259,100.0
1d621f7d18fc0151,validation.tfrecord-00000-of-00150,57,9.0,91,10,0.99987,55,55,54,53,2,0,0,31,22,12,0,0,0,0,0,0,0,8.292,34.117,2,8,54,47.58
5c14062cdca66b03,validation.tfrecord-00000-of-00150,58,9.0,91,10,0.99986,79,79,30,71,8,0,0,105,36,24,2,6,2,48,0,13,521,3.94,26.356,2,7,78,92.55
428e1a22fda36416,validation.tfrecord-00000-of-00150,59,9.0,91,10,1.0003,39,39,14,35,4,0,0,566,39,69,1,11,26,11,0,16,1054,2.754,24.599,2,4,38,100.0
4effffdd03e3f9b1,validation.tfrecord-00000-of-00150,60,9.0,91,10,0.99967,73,73,19,73,0,0,0,493,108,61,7,16,16,47,0,4,276,9.04,21.455,0,4,72,100.0
8ac30b83a6a8bfed,validation.tfrecord-00000-of-00150,61,9.0,91,10,1.00002,129,129,83,71,47,11,0,78,17,18,2,4,1,35,0,8,720,2.496,17.849,0,8,128,100.0
3b833a190d8dc2c7,validation.tfrecord-00000-of-00150,62,9.001,91,10,0.99985,183,183,32,174,9,0,0,264,62,59,2,10,11,37,0,0,0,0.88,24.29,2,5,182,100.0
bc1ebbf98487adaa,validation.tfrecord-00000-of-00150,63,9.0,91,10,1.00007,44,44,20,36,8,0,0,177,48,43,3,9,5,8,0,12,1080,1.259,14.999,2,5,43,84.06
b3226b6aa9f192a9,validation.tfrecord-00000-of-00150,64,9.0,91,10,0.99998,10,10,9,8,2,0,0,101,13,12,3,2,4,10,0,0,0,5.687,17.345,0,3,9,22.43
484f35342be19e3d,validation.tfrecord-00000-of-00150,65,8.957,91,10,0.99251,117,117,38,107,9,1,0,381,62,61,2,7,4,5,0,29,860,1.88,17.053,2,8,116,100.0
f1aa38ca4ce51eab,validation.tfrecord-00000-of-00150,66,9.001,91,10,1.00012,5,5,5,5,0,0,0,38,22,13,5,5,2,28,0,0,0,4.481,14.506,0,2,4,14.29
2f8f82f1072ad710,validation.tfrecord-00000-of-00150,67,9.001,91,10,1.00017,86,86,17,81,5,0,0,244,42,76,3,11,2,1,0,7,623,1.021,20.012,0,4,85,95.62
889ee82248a1d999,validation.tfrecord-00000-of-00150,68,9.0,91,10,0.9999,112,112,19,105,7,0,0,290,39,33,1,7,3,16,0,5,450,1.145,21.309,2,2,111,100.0
dbad80471b38b7,validation.tfrecord-00000-of-00150,69,9.0,91,10,0.99963,60,60,45,27,33,0,0,45,18,13,7,4,2,6,0,0,0,1.949,19.778,2,7,59,100.0
a3c1aa478f496733,validation.tfrecord-00000-of-00150,70,9.0,91,10,0.9996,197,197,80,183,14,0,0,179,53,41,3,11,4,6,0,6,546,3.042,22.919,2,5,196,100.0
4ac44cf9e64e5950,validation.tfrecord-00000-of-00150,71,9.001,91,10,1.00099,15,15,10,11,2,2,0,77,21,24,1,2,0,31,0,8,712,3.827,18.582,0,4,14,37.06
c30872cb53ad7be2,validation.tfrecord-00000-of-00150,72,9.0,91,10,1.00013,32,32,25,32,0,0,0,106,20,43,4,4,2,27,0,0,0,6.838,21.236,0,2,31,36.03
7c50cb0cdc8de6f8,validation.tfrecord-00000-of-00150,73,9.006,91,10,1.00029,84,84,17,74,10,0,0,69,24,15,0,4,0,7,0,5,450,1.29,18.912,0,6,83,78.32
d68c8400863f7af0,validation.tfrecord-00000-of-00150,74,9.0,91,10,1.00011,43,43,31,43,0,0,0,713,98,79,7,18,16,17,0,18,1295,3.562,19.173,0,3,42,100.0
4cc25c9623a0b63d,validation.tfrecord-00000-of-00150,75,9.0,91,10,1.00011,13,13,11,13,0,0,0,182,32,48,4,0,7,29,0,0,0,19.169,32.286,0,1,12,23.61
1dda49d2257aa738,validation.tfrecord-00000-of-00150,76,9.012,91,10,0.9999,103,103,28,86,17,0,0,93,7,34,4,1,6,21,0,0,0,0.361,25.976,0,2,102,95.64
43fc9e549b3fcf16,validation.tfrecord-00000-of-00150,77,9.0,91,10,1.0,36,36,14,35,1,0,0,84,38,11,0,6,0,16,0,13,1183,1.107,13.147,0,7,35,53.37
9fe8b30f6884e198,validation.tfrecord-00000-of-00150,78,8.986,91,10,0.99987,48,48,34,46,2,0,0,283,53,49,3,12,5,32,0,22,1980,6.592,19.869,2,6,47,100.0
d407d9256cab6829,validation.tfrecord-00000-of-00150,79,9.0,91,10,1.00007,52,52,50,52,0,0,0,45,54,28,0,0,0,0,0,0,0,4.074,31.552,2,5,51,41.9
8b06172a06f2b082,validation.tfrecord-00000-of-00150,80,9.0,91,10,0.99996,106,106,35,105,1,0,0,305,37,51,4,3,9,15,0,0,0,3.196,18.396,2,4,105,85.65
e633aa95b934cb1e,validation.tfrecord-00000-of-00150,81,9.0,91,10,1.00012,42,42,20,42,0,0,0,920,37,154,5,15,21,29,0,8,720,3.944,17.329,0,1,41,100.0
f0dbcc3f20785139,validation.tfrecord-00000-of-00150,82,9.0,91,10,1.00007,48,48,35,46,0,2,0,287,33,28,1,11,3,17,0,16,499,5.689,20.991,2,4,47,95.11
bc742007c1d78acb,validation.tfrecord-00000-of-00150,83,9.0,91,10,0.99959,49,49,18,47,2,0,0,257,22,50,3,4,18,47,0,0,0,6.396,21.709,0,2,48,56.66
3568e6300867fdc1,validation.tfrecord-00000-of-00150,84,8.998,91,10,1.00039,37,37,25,33,4,0,0,235,42,25,2,9,1,26,0,6,546,2.315,16.803,0,6,36,71.75
c4015b508b560f95,validation.tfrecord-00000-of-00150,85,9.0,91,10,0.99993,101,101,54,69,30,2,0,263,39,40,1,6,7,14,0,8,728,2.463,16.913,0,8,100,100.0
853f1aab3cd710c8,validation.tfrecord-00000-of-00150,86,9.0,91,10,0.99989,118,118,18,116,2,0,0,288,47,67,0,10,10,32,0,22,1114,3.485,37.231,2,4,117,100.0
fa9067f307e887b,validation.tfrecord-00000-of-00150,87,9.0,91,10,1.00001,53,53,31,45,5,3,0,365,77,57,5,7,4,11,0,16,1424,2.561,16.867,0,8,52,100.0
675e56cb8a9421fb,validation.tfrecord-00000-of-00150,88,9.0,91,10,0.99989,48,48,21,44,4,0,0,97,35,25,1,6,0,28,0,9,570,3.688,20.872,2,8,47,62.96
154bec22358e7b2f,validation.tfrecord-00000-of-00150,89,9.012,91,10,1.00097,189,189,26,181,8,0,0,47,20,13,1,3,0,25,0,0,0,0.421,25.921,0,2,188,100.0
48c0b628540cc510,validation.tfrecord-00000-of-00150,90,8.975,91,10,1.00017,140,140,51,135,5,0,0,438,46,62,6,10,7,19,0,20,1456,1.599,77.16,2,7,139,100.0
f06bdda86d0b6466,validation.tfrecord-00000-of-00150,91,8.988,91,10,0.99344,22,22,3,19,3,0,0,73,0,25,1,0,14,82,0,0,0,1.246,15.424,0,1,21,21.99
e03a38608d9e19a5,validation.tfrecord-00000-of-00150,92,9.001,91,10,1.00055,70,70,23,70,0,0,0,238,24,44,0,14,14,1,0,6,540,4.987,18.368,0,8,69,83.59
a19fa77fbe6fab06,validation.tfrecord-00000-of-00150,93,9.0,91,10,0.99989,122,122,19,111,11,0,0,195,5,32,1,8,8,7,0,0,0,0.679,12.876,0,5,121,100.0
6e18266604f77431,validation.tfrecord-00000-of-00150,94,9.0,91,10,0.99972,158,158,55,152,6,0,0,451,98,79,3,12,11,27,0,18,347,3.931,21.193,0,4,157,100.0
9dce29e444c6c731,validation.tfrecord-00000-of-00150,95,9.1,91,10,0.99955,71,71,22,62,7,2,0,146,47,49,8,7,0,76,0,3,36,1.661,17.611,0,4,70,80.93
5115996d71c9080,validation.tfrecord-00000-of-00150,96,8.999,91,10,0.99941,74,74,29,70,4,0,0,697,97,97,7,15,12,52,0,18,96,5.653,24.766,2,5,73,100.0
124593ed0a710a8c,validation.tfrecord-00000-of-00150,97,9.001,91,10,0.99997,132,132,38,122,8,2,0,154,32,28,2,5,2,2,0,7,630,0.606,14.675,0,4,131,100.0
25206ceffcb338e8,validation.tfrecord-00000-of-00150,98,8.989,91,10,1.00006,102,102,33,100,2,0,0,256,66,43,4,8,6,20,0,18,1446,1.469,24.237,0,8,101,100.0
bde7da8fe6c4c17d,validation.tfrecord-00000-of-00150,99,9.0,91,10,1.00001,17,17,8,16,1,0,0,98,39,33,7,6,3,45,0,0,0,1.771,11.973,0,2,16,28.54
8b7dca6f6f154a8f,validation.tfrecord-00000-of-00150,100,8.975,91,10,0.97492,15,15,9,15,0,0,0,299,37,66,7,1,10,62,0,0,0,16.118,21.416,0,3,14,34.57
c014d3c05600714f,validation.tfrecord-00000-of-00150,101,9.0,91,10,1.00015,58,58,34,56,2,0,0,275,51,44,1,8,5,15,0,7,637,2.318,32.434,0,5,57,82.05
63f927c014c7b3a6,validation.tfrecord-00000-of-00150,102,9.0,91,10,1.0003,119,119,26,117,2,0,0,384,62,50,5,11,9,24,0,7,630,2.442,25.963,0,3,118,100.0
1a1a379c4e09cc59,validation.tfrecord-00000-of-00150,103,9.0,91,10,0.99995,26,26,15,26,0,0,0,146,28,39,4,5,4,11,0,13,1008,7.107,22.507,0,3,25,51.08
f29a56d80885dcf3,validation.tfrecord-00000-of-00150,104,8.98,91,10,0.97734,51,51,20,51,0,0,0,303,35,58,0,13,16,0,0,6,546,7.167,21.106,0,8,50,78.64
30158e27034388c7,validation.tfrecord-00000-of-00150,105,8.975,91,10,0.99931,13,13,5,12,1,0,0,86,26,33,10,5,2,73,0,0,0,1.971,25.488,2,4,12,23.43
92c3aaec33d7e403,validation.tfrecord-00000-of-00150,106,9.0,91,10,0.99982,25,25,20,22,3,0,0,204,28,49,3,3,11,77,0,0,0,12.822,22.664,0,3,24,44.12
38d378081936583c,validation.tfrecord-00000-of-00150,107,9.0,91,10,0.99982,54,54,23,53,1,0,0,406,48,44,6,9,13,32,0,7,630,3.023,17.144,0,2,53,86.48
b49c22a72e20b329,validation.tfrecord-00000-of-00150,108,9.0,91,10,1.00008,24,24,16,24,0,0,0,144,38,20,0,3,2,4,0,13,1183,2.992,16.302,2,6,23,47.47
f6cb2efac23131b8,validation.tfrecord-00000-of-00150,109,8.991,91,10,0.99458,20,20,16,18,0,2,0,102,28,29,0,5,2,18,0,10,46,8.804,19.943,0,1,19,45.96
ec29f3b7a6427065,validation.tfrecord-00000-of-00150,110,9.0,91,10,0.99994,167,167,62,112,55,0,0,74,12,18,0,6,9,17,0,0,0,0.322,7.775,0,7,166,100.0
59d9067d0737cbcf,validation.tfrecord-00000-of-00150,111,9.0,91,10,0.99988,112,112,39,85,27,0,0,196,0,55,0,9,8,0,0,0,0,0.349,10.928,2,7,111,100.0
c4001c51d5cbce44,validation.tfrecord-00000-of-00150,112,8.993,91,10,0.99961,64,64,10,56,8,0,0,51,16,6,3,5,5,25,0,0,0,0.266,5.653,0,1,63,57.48
558fa5db838ce012,validation.tfrecord-00000-of-00150,113,9.0,91,10,1.00012,61,61,37,58,3,0,0,353,44,68,6,10,7,14,0,18,764,7.316,20.532,0,5,60,100.0
bf2f4268930a9d3f,validation.tfrecord-00000-of-00150,114,8.999,91,10,0.99981,83,83,34,82,1,0,0,204,45,39,0,5,6,15,0,15,901,3.976,31.671,2,6,82,89.77
633f517f01aeb663,validation.tfrecord-00000-of-00150,115,9.0,91,10,1.00007,28,28,15,26,2,0,0,229,16,64,3,6,2,32,0,0,0,14.914,35.106,0,1,27,47.97
a5276b8fa5b389e1,validation.tfrecord-00000-of-00150,116,9.0,91,10,1.00014,86,86,84,85,1,0,0,36,30,21,0,0,1,22,0,0,0,6.05,31.575,0,8,85,68.78
b7461cf9e6af3263,validation.tfrecord-00000-of-00150,117,9.0,91,10,0.99967,21,21,9,19,1,1,0,336,42,52,0,22,5,14,0,0,0,6.406,23.457,2,3,20,75.63
ffb2d2598c0b9ef1,validation.tfrecord-00000-of-00150,118,9.2,91,10,0.99991,29,29,11,29,0,0,0,194,39,43,6,0,7,34,0,0,0,8.842,44.627,2,3,28,30.97
1333a8922dc53f35,validation.tfrecord-00000-of-00150,119,9.0,91,10,0.99997,135,135,73,119,16,0,0,213,61,36,3,10,2,14,0,27,1476,4.973,34.668,0,5,134,100.0
8ffa5b454ab8218a,validation.tfrecord-00000-of-00150,120,9.02,91,10,1.00005,6,6,3,6,0,0,0,115,20,24,3,3,3,6,0,0,0,3.222,25.821,2,2,5,17.15
7d39507a50c570fc,validation.tfrecord-00000-of-00150,121,8.999,91,10,1.00018,22,22,10,21,1,0,0,31,12,11,1,0,0,13,0,0,0,9.635,21.672,0,2,21,16.88
a95e89262e62e34c,validation.tfrecord-00000-of-00150,122,9.0,91,10,1.00007,26,26,18,16,6,4,0,176,32,42,3,5,5,56,0,12,1080,3.141,15.753,0,4,25,74.28
9f62a2970e4e8d4c,validation.tfrecord-00000-of-00150,123,9.001,91,10,1.00115,42,42,6,42,0,0,0,142,21,39,3,7,5,3,0,0,0,2.694,21.143,2,2,41,40.76
a8683bb2c8e784d2,validation.tfrecord-00000-of-00150,124,9.0,91,10,0.99995,11,11,9,11,0,0,0,169,37,50,3,4,8,72,0,7,361,19.01,24.351,0,1,10,35.82
2676ad4a178fb437,validation.tfrecord-00000-of-00150,125,9.0,91,10,0.99993,14,14,8,13,1,0,0,89,26,28,1,5,2,19,0,11,1001,2.493,17.516,2,5,13,38.87
75482db749180d8c,validation.tfrecord-00000-of-00150,126,8.981,91,10,0.9999,5,5,5,4,0,1,0,121,22,46,13,4,5,45,0,0,0,4.38,13.432,0,2,4,21.53
fa8fcafa16e60736,validation.tfrecord-00000-of-00150,127,9.0,91,10,0.99998,18,18,15,17,1,0,0,87,36,27,0,4,0,1,0,11,990,7.751,26.131,2,6,17,41.26
fa262183ba349968,validation.tfrecord-00000-of-00150,128,9.0,91,10,0.99998,48,48,22,44,4,0,0,189,21,26,8,8,4,8,0,14,1260,2.426,16.904,0,5,47,79.92
1baa4c789d1ac747,validation.tfrecord-00000-of-00150,129,9.0,91,10,1.0002,176,176,53,124,52,0,0,149,34,23,7,5,7,17,0,0,0,0.355,21.838,0,6,175,100.0
557fe937d41e1f88,validation.tfrecord-00000-of-00150,130,9.0,91,10,0.99939,33,33,15,28,2,3,0,192,30,50,1,4,16,20,0,16,1380,1.203,17.588,0,2,32,70.31
8dfefbaed04192fb,validation.tfrecord-00000-of-00150,131,9.0,91,10,1.00002,64,64,25,56,8,0,0,293,74,52,2,10,6,16,0,14,1260,1.357,20.711,0,5,63,100.0
6c222820756391cb,validation.tfrecord-00000-of-00150,132,8.974,91,10,0.97116,31,31,19,29,1,1,0,377,60,67,1,8,14,58,0,7,637,8.196,20.985,0,6,30,74.16
ab77ab9c73b01ee8,validation.tfrecord-00000-of-00150,133,9.0,91,10,0.99993,91,91,74,22,60,9,0,38,19,5,4,3,0,11,0,0,0,1.485,14.635,2,6,90,100.0
d633de50abacbac1,validation.tfrecord-00000-of-00150,134,9.0,91,10,1.00033,18,18,8,18,0,0,0,419,86,56,3,13,10,48,0,0,0,12.25,22.28,0,2,17,63.02
95d6c52593cbdbc1,validation.tfrecord-00000-of-00150,135,9.0,91,10,0.99998,43,43,27,43,0,0,0,125,54,46,2,14,2,24,0,16,1456,2.616,27.062,0,5,42,77.65
598597f6ea2bbe32,validation.tfrecord-00000-of-00150,136,9.018,91,10,1.00464,11,11,7,11,0,0,0,99,17,34,5,0,6,50,0,0,0,9.765,23.79,0,2,10,14.77
e62ae31ead55e09c,validation.tfrecord-00000-of-00150,137,9.0,91,10,0.99997,78,78,36,67,11,0,0,74,36,13,0,4,0,9,0,7,623,1.998,25.854,0,8,77,87.57
600271eed7b3913,validation.tfrecord-00000-of-00150,138,9.0,91,10,0.99993,31,31,15,31,0,0,0,202,21,45,2,4,12,17,0,13,1183,2.831,17.137,0,5,30,56.06
ff7310d21b454ae1,validation.tfrecord-00000-of-00150,139,9.0,91,10,0.99988,89,89,67,76,13,0,0,197,39,32,0,7,4,4,0,13,1174,4.015,17.295,2,8,88,100.0
b3e49e62c509d640,validation.tfrecord-00000-of-00150,140,9.0,91,10,1.00004,54,54,17,48,4,2,0,164,47,45,2,6,2,23,0,21,1890,1.422,15.874,0,5,53,88.52
423298aaf658940a,validation.tfrecord-00000-of-00150,141,9.0,91,10,0.99992,79,79,39,71,8,0,0,473,84,66,4,8,10,4,0,18,1620,2.156,18.288,0,8,78,100.0
6307508426e85026,validation.tfrecord-00000-of-00150,142,9.007,91,10,1.00478,33,33,6,32,1,0,0,20,5,9,3,2,0,17,0,0,0,1.537,13.485,2,3,32,22.0
87993038f360c77,validation.tfrecord-00000-of-00150,143,9.0,91,10,1.00001,77,77,22,67,10,0,0,72,13,36,8,12,0,159,0,0,0,0.872,15.671,0,3,76,83.26
8d3c1bb534e5521,validation.tfrecord-00000-of-00150,144,9.0,91,10,1.00005,75,75,42,49,25,1,0,211,34,43,8,5,7,26,0,15,1350,1.527,13.604,0,8,74,100.0
12d5ce1b476aa6d4,validation.tfrecord-00000-of-00150,145,9.0,91,10,0.99988,86,86,53,72,14,0,0,139,44,17,4,5,4,31,0,8,720,3.553,30.362,0,3,85,100.0
bff1c9c0cd9ceaac,validation.tfrecord-00000-of-00150,146,9.0,91,10,1.00003,35,35,18,30,5,0,0,197,42,41,3,4,9,32,0,9,419,2.507,15.987,0,6,34,63.81
549cd03d2b45f8a8,validation.tfrecord-00000-of-00150,147,8.982,91,10,0.98235,70,70,10,68,2,0,0,46,16,18,2,0,2,38,0,0,0,0.707,12.222,0,1,69,39.38
1e0ccccb7413f68c,validation.tfrecord-00000-of-00150,148,9.0,91,10,1.00022,142,142,31,132,10,0,0,482,63,54,2,7,23,34,0,8,728,0.751,22.709,2,6,141,100.0
889d9811d9681dc7,validation.tfrecord-00000-of-00150,149,9.0,91,10,1.00002,36,36,25,32,4,0,0,256,59,42,5,7,4,12,0,16,1440,6.14,18.703,0,5,35,82.53
af90ac3eca010d99,validation.tfrecord-00000-of-00150,150,9.0,91,10,1.00002,100,100,51,99,1,0,0,113,34,21,0,4,0,19,0,14,1040,3.05,20.462,2,8,99,92.49
129eb435ec53ef1d,validation.tfrecord-00000-of-00150,151,9.0,91,10,1.0,134,134,77,131,2,1,0,139,34,27,3,8,4,13,0,8,720,3.628,30.497,0,8,133,100.0
cffef7d3778fc611,validation.tfrecord-00000-of-00150,152,9.0,91,10,1.00002,103,103,57,94,9,0,0,192,43,28,2,7,4,21,0,8,720,2.514,24.883,0,3,102,100.0
fb7867184ab1a886,validation.tfrecord-00000-of-00150,153,8.971,91,10,0.99999,16,16,13,13,1,2,0,186,62,58,9,17,1,31,0,5,250,5.713,24.761,0,3,15,63.88
796e278d09e7c5e6,validation.tfrecord-00000-of-00150,154,9.0,91,10,1.00008,26,26,22,22,2,2,0,240,73,82,1,9,2,67,0,2,178,13.88,20.099,0,2,25,61.7
18500f2eea176480,validation.tfrecord-00000-of-00150,155,9.0,91,10,1.00005,133,133,30,111,22,0,0,77,8,15,2,2,9,21,0,0,0,0.423,16.978,2,7,132,100.0
78e62b116d42887a,validation.tfrecord-00000-of-00150,156,9.0,91,10,1.0002,18,18,11,18,0,0,0,212,29,59,0,10,8,5,0,4,364,5.749,22.372,2,3,17,48.01
ec5b2e3ae8721dad,validation.tfrecord-00000-of-00150,157,8.996,91,10,0.99966,9,9,3,9,0,0,0,108,11,36,9,0,11,70,0,0,0,1.694,11.162,2,2,8,13.29
d42aa9e7ae47c9a,validation.tfrecord-00000-of-00150,158,8.956,91,10,0.99355,81,81,41,81,0,0,0,352,61,65,2,10,2,5,0,25,575,3.61,19.597,2,8,80,100.0
4881c92efb0a9267,validation.tfrecord-00000-of-00150,159,9.0,91,10,1.00009,59,59,33,59,0,0,0,103,36,36,2,4,1,25,0,9,810,2.741,29.412,0,8,58,60.64
254cceb6cbfc08de,validation.tfrecord-00000-of-00150,160,9.0,91,10,0.99997,36,36,22,35,1,0,0,169,48,31,0,9,3,17,0,14,1260,5.169,20.359,0,5,35,68.72
46fce0158d2fae57,validation.tfrecord-00000-of-00150,161,9.0,91,10,1.0,53,53,24,51,0,2,0,369,76,42,0,11,8,10,0,18,1620,2.13,21.269,2,8,52,100.0
4f05cc53219dc477,validation.tfrecord-00000-of-00150,162,9.0,91,10,1.00001,51,51,12,49,1,1,0,123,28,30,1,7,4,29,0,5,450,0.375,20.8,0,3,50,55.39
ae72610c0be3c53a,validation.tfrecord-00000-of-00150,163,8.999,91,10,0.99976,6,6,5,6,0,0,0,185,17,54,3,6,2,50,0,0,0,15.685,39.914,0,2,5,27.95
9c3935fda4890865,validation.tfrecord-00000-of-00150,164,9.009,91,10,1.00928,71,71,17,64,5,2,0,255,29,70,5,12,3,31,0,7,634,3.434,17.178,0,5,70,96.2
98ad131f6148abbc,validation.tfrecord-00000-of-00150,165,9.0,91,10,1.00009,56,56,11,48,8,0,0,114,25,19,1,4,3,44,0,10,890,0.371,15.245,0,1,55,70.67
d3fd8cb194ea76f6,validation.tfrecord-00000-of-00150,166,8.999,91,10,0.99977,113,113,39,109,4,0,0,539,56,82,5,12,19,31,0,14,697,2.884,22.298,0,2,112,100.0
d06c362fe2a9cd40,validation.tfrecord-00000-of-00150,167,9.0,91,10,1.00006,56,56,56,56,0,0,0,69,55,26,0,0,1,9,0,0,0,12.2,47.226,2,8,55,47.52
2b48f4790165cdc9,validation.tfrecord-00000-of-00150,168,9.0,91,10,1.00008,23,23,12,23,0,0,0,229,20,56,4,0,7,41,0,0,0,2.374,16.409,0,2,22,31.72
4bf23cf8ab2d8240,validation.tfrecord-00000-of-00150,169,9.0,91,10,0.9998,24,24,11,20,3,1,0,281,43,49,2,14,1,10,0,6,534,2.303,27.134,0,2,23,72.83
7c6852f6a698243a,validation.tfrecord-00000-of-00150,170,9.0,91,10,1.00029,32,32,29,30,2,0,0,101,35,35,0,4,4,3,0,5,450,6.054,22.651,2,8,31,47.48
797779c184e54223,validation.tfrecord-00000-of-00150,171,9.0,91,10,1.00002,98,98,45,89,8,1,0,187,44,50,1,7,10,12,0,16,1413,1.628,21.528,2,7,97,100.0
2425d7549e21124,validation.tfrecord-00000-of-00150,172,8.999,91,10,0.99983,63,63,32,44,17,2,0,64,12,30,5,3,2,32,0,0,0,1.326,11.336,0,8,62,85.92
3dcf3266dbc9cc58,validation.tfrecord-00000-of-00150,173,9.0,91,10,1.00004,31,31,20,29,2,0,0,164,44,34,2,14,1,19,0,6,546,1.008,11.336,0,3,30,65.22
262112a66742fe8d,validation.tfrecord-00000-of-00150,174,8.999,91,10,0.99988,296,296,61,242,54,0,0,86,20,18,0,8,9,18,0,4,289,0.273,13.626,0,5,295,100.0
6b5d648abccc1fef,validation.tfrecord-00000-of-00150,175,9.0,91,10,0.99971,24,24,4,22,2,0,0,39,13,26,3,4,2,56,0,0,0,1.322,13.344,0,1,23,24.32
ac72a17c83c79e38,validation.tfrecord-00000-of-00150,176,8.999,91,10,1.00019,169,169,40,136,30,3,0,259,7,77,4,7,7,4,0,0,0,0.735,14.095,0,6,168,100.0
d69754dbdee95e65,validation.tfrecord-00000-of-00150,177,9.0,91,10,0.99999,62,62,37,61,1,0,0,209,48,35,2,5,6,13,0,7,630,4.056,19.737,0,3,61,72.82
97225a317644deb9,validation.tfrecord-00000-of-00150,178,9.0,91,10,1.00002,26,26,15,23,3,0,0,280,39,59,3,6,9,104,0,13,838,3.677,22.173,0,4,25,69.6
568e2137bf88019c,validation.tfrecord-00000-of-00150,179,9.0,91,10,0.99985,35,35,15,35,0,0,0,218,32,36,0,12,2,1,0,13,750,3.943,20.594,2,4,34,70.94
57326322901a9397,validation.tfrecord-00000-of-00150,180,9.0,91,10,0.99994,89,89,43,85,4,0,0,301,76,38,2,10,5,20,0,20,1800,1.25,22.38,0,5,88,100.0
909244b878c6c203,validation.tfrecord-00000-of-00150,181,9.0,91,10,1.00003,44,44,44,44,0,0,0,38,36,21,0,0,0,22,0,0,0,22.304,51.646,0,6,43,36.04
f2da917089c82822,validation.tfrecord-00000-of-00150,182,8.951,91,10,0.99993,69,69,55,67,2,0,0,137,36,24,6,8,6,14,0,11,469,7.091,18.841,2,8,68,87.76
57fae738489af74b,validation.tfrecord-00000-of-00150,183,9.0,91,10,1.0001,31,31,23,29,2,0,0,109,28,34,2,2,0,56,0,0,0,9.193,23.647,2,4,30,36.37
b6bc01c4c919c773,validation.tfrecord-00000-of-00150,184,9.0,91,10,0.99967,46,46,42,44,2,0,0,219,59,46,5,5,4,19,0,0,0,18.021,26.256,0,3,45,62.32
5b6e16614f5c47b5,validation.tfrecord-00000-of-00150,185,9.0,91,10,1.0,28,28,21,25,3,0,0,353,44,68,6,10,7,14,0,13,1157,2.507,20.648,0,7,27,84.34
a1490a60e758eaf9,validation.tfrecord-00000-of-00150,186,9.025,91,10,1.00013,80,80,53,72,0,8,0,191,92,45,3,12,0,5,0,24,1464,2.351,16.153,2,8,79,100.0
9720076a871ccfd8,validation.tfrecord-00000-of-00150,187,9.0,91,10,0.99991,43,43,17,40,3,0,0,160,22,35,3,4,12,51,0,13,614,2.778,22.286,0,2,42,64.5
33799357739d82fd,validation.tfrecord-00000-of-00150,188,9.0,91,10,0.99966,91,91,44,55,36,0,0,87,21,20,2,9,3,74,0,11,396,1.691,12.86,0,5,90,100.0
8d550c74ec830a52,validation.tfrecord-00000-of-00150,189,9.0,91,10,0.99992,76,76,7,66,8,2,0,65,26,13,0,4,2,12,0,6,540,0.232,8.935,2,4,75,72.55
388880a5807cea01,validation.tfrecord-00000-of-00150,190,9.001,91,10,1.00008,81,81,42,77,2,2,0,183,85,51,6,16,0,71,0,30,957,6.808,22.44,0,3,80,100.0
47f4fa32f58d5c89,validation.tfrecord-00000-of-00150,191,8.999,91,10,0.99978,117,117,68,113,4,0,0,620,36,90,1,10,15,55,0,23,1015,3.937,20.718,2,8,116,100.0
4ecbc07b08d30474,validation.tfrecord-00000-of-00150,192,9.0,91,10,1.00019,56,56,42,56,0,0,0,279,48,57,6,10,16,29,0,15,530,10.799,22.935,0,3,55,93.17
170459073dd41dc5,validation.tfrecord-00000-of-00150,193,9.0,91,10,1.00026,28,28,9,26,2,0,0,100,15,33,9,0,0,62,0,0,0,1.014,24.392,0,2,27,26.55
24acddcd536295a9,validation.tfrecord-00000-of-00150,194,9.0,91,10,1.00004,127,127,23,125,2,0,0,94,32,17,1,4,1,25,0,6,534,0.447,20.103,2,4,126,84.07
23f5c5fc1d2bc257,validation.tfrecord-00000-of-00150,195,9.0,91,10,0.99993,33,33,22,31,1,1,0,108,44,34,3,5,0,27,0,20,1820,3.126,26.417,2,7,32,66.24
a2cf10457974619a,validation.tfrecord-00000-of-00150,196,9.0,91,10,0.99966,118,118,22,91,26,1,0,60,4,53,10,8,1,144,0,0,0,0.481,12.373,0,5,117,100.0
ba8bd1d4502bb75a,validation.tfrecord-00000-of-00150,197,8.999,91,10,0.99992,39,39,15,34,2,3,0,173,14,24,7,10,15,52,0,0,0,1.911,12.436,2,3,38,60.19
748bc9e43c1dc279,validation.tfrecord-00000-of-00150,198,9.002,91,10,1.00033,50,50,23,48,2,0,0,108,52,35,0,4,0,38,0,11,555,6.458,16.788,0,8,49,60.64
424b321ea0352164,validation.tfrecord-00000-of-00150,199,9.0,91,10,1.00001,18,18,14,18,0,0,0,87,40,24,0,4,0,13,0,6,540,5.139,25.882,0,6,17,32.56
9c762831f131cea3,validation.tfrecord-00000-of-00150,200,8.999,91,10,1.00001,96,96,39,62,34,0,0,141,14,70,7,14,1,109,0,0,0,0.528,16.168,2,7,95,100.0
c1f7e0035424c748,validation.tfrecord-00000-of-00150,201,9.0,91,10,1.00008,22,22,19,22,0,0,0,128,36,54,4,4,6,59,0,12,90,13.919,23.677,0,2,21,46.69
ee385cebe7735f6,validation.tfrecord-00000-of-00150,202,9.0,91,10,0.99997,74,74,46,73,1,0,0,685,106,95,9,13,20,24,0,27,1266,6.887,30.417,0,6,73,100.0
1f8ef9a70c458620,validation.tfrecord-00000-of-00150,203,9.0,91,10,0.99989,38,38,21,38,0,0,0,251,40,45,1,7,4,19,0,13,1157,2.926,17.541,2,8,37,69.38
d5cf676b489ca0c4,validation.tfrecord-00000-of-00150,204,9.005,91,10,1.00541,35,35,16,29,6,0,0,165,28,32,1,2,11,2,0,11,990,3.331,22.119,0,1,34,62.15
2c4cec5c3ea292e2,validation.tfrecord-00000-of-00150,205,9.0,91,10,0.99989,118,118,47,117,1,0,0,450,66,55,4,11,11,28,0,7,630,3.134,22.097,0,3,117,100.0
b1457afe91002568,validation.tfrecord-00000-of-00150,206,9.025,91,10,1.0018,81,81,31,72,6,3,0,194,53,35,1,6,3,3,0,21,768,1.923,16.018,2,7,80,100.0
39ad3fc541a0e852,validation.tfrecord-00000-of-00150,207,9.0,91,10,1.00027,25,25,11,25,0,0,0,194,41,50,8,0,4,63,0,0,0,12.265,26.645,0,2,24,29.37
82060af60c1ae4ed,validation.tfrecord-00000-of-00150,208,9.005,91,10,1.0001,89,89,40,80,9,0,0,256,57,39,2,7,3,30,0,17,1530,1.477,20.899,0,6,88,100.0
692d1b039654a6ca,validation.tfrecord-00000-of-00150,209,9.001,91,10,0.99965,24,24,15,24,0,0,0,103,46,33,7,6,1,60,0,0,0,3.298,15.982,2,5,23,32.09
aaf9ef4039873396,validation.tfrecord-00000-of-00150,210,9.0,91,10,0.99982,34,34,24,31,3,0,0,245,27,31,4,6,9,23,0,0,0,2.356,22.657,0,5,33,56.9
7ed5260232adaf6d,validation.tfrecord-00000-of-00150,211,9.0,91,10,0.99993,41,41,26,35,3,3,0,138,62,35,0,7,2,7,0,13,1170,3.59,20.542,0,7,40,75.89
e5f46d43a19d99c7,validation.tfrecord-00000-of-00150,212,9.0,91,10,1.00026,45,45,31,39,6,0,0,274,40,27,1,10,3,13,0,11,979,3.356,17.335,0,8,44,92.12
fe2dc1e4a17a2c05,validation.tfrecord-00000-of-00150,213,9.001,91,10,0.99993,157,157,72,154,2,1,0,257,78,58,0,12,3,10,0,12,445,4.792,27.935,2,8,156,100.0
4ba6349a3b92285,validation.tfrecord-00000-of-00150,214,9.0,91,10,0.99999,31,31,20,30,1,0,0,421,60,101,11,9,1,6,0,19,1230,3.735,19.772,0,6,30,92.43
bd094f42eeab6700,validation.tfrecord-00000-of-00150,215,9.0,91,10,1.00014,48,48,30,43,4,1,0,555,31,81,1,9,12,20,0,16,1440,2.821,24.788,0,7,47,100.0
c306aa794e4922c6,validation.tfrecord-00000-of-00150,216,9.006,91,10,1.0,88,88,52,81,7,0,0,417,37,47,3,14,15,26,0,23,1062,6.235,19.709,2,5,87,100.0
111bb47bff784423,validation.tfrecord-00000-of-00150,217,9.002,91,10,1.00005,43,43,26,40,3,0,0,208,29,19,2,5,1,5,0,17,1530,5.234,25.735,0,7,42,77.99
96c2104eba9890d0,validation.tfrecord-00000-of-00150,218,9.022,91,10,1.00003,18,18,5,15,3,0,0,54,0,28,5,0,4,56,0,0,0,1.386,8.197,0,1,17,19.57
29a2f0c70ac13779,validation.tfrecord-00000-of-00150,219,9.0,91,10,1.0,68,68,38,60,6,2,0,387,55,45,0,9,7,9,0,19,1710,3.787,18.331,0,7,67,100.0
abfe09a85ff9e971,validation.tfrecord-00000-of-00150,220,8.974,91,10,1.00005,128,128,17,124,4,0,0,45,12,26,8,7,0,34,0,3,222,0.45,25.9,0,3,127,83.4
de2c9abbdbafa29c,validation.tfrecord-00000-of-00150,221,8.999,91,10,0.99973,33,33,20,20,12,1,0,154,56,62,0,7,0,23,0,11,671,4.622,19.347,2,3,32,84.07
2183ce46e6bf7937,validation.tfrecord-00000-of-00150,222,9.0,91,10,1.00015,80,80,37,74,6,0,0,349,78,59,2,8,6,20,0,9,819,2.917,20.931,0,3,79,100.0
e38692374f5747,validation.tfrecord-00000-of-00150,223,9.025,91,10,1.00105,70,70,25,62,8,0,0,323,42,27,9,9,6,14,0,0,0,2.348,26.115,2,5,69,92.89
78bd1fd24d5f2b67,validation.tfrecord-00000-of-00150,224,9.0,91,10,1.00012,78,78,35,74,4,0,0,181,23,25,1,7,2,9,0,7,630,1.234,13.292,0,5,77,85.58
2db26b74c5375245,validation.tfrecord-00000-of-00150,225,9.006,91,10,1.00589,86,86,26,78,8,0,0,635,38,94,1,15,30,28,0,5,40,2.326,23.631,0,3,85,100.0
8bdbbe8276d03a1f,validation.tfrecord-00000-of-00150,226,9.0,91,10,1.00006,80,80,36,72,8,0,0,514,88,67,2,16,10,25,0,27,1211,5.101,27.55,0,4,79,100.0
f4f90cfb5e178a46,validation.tfrecord-00000-of-00150,227,9.002,91,10,1.00014,49,49,34,41,8,0,0,114,31,36,6,8,4,27,0,6,540,5.648,15.914,0,7,48,76.92
4dbba196356feaaf,validation.tfrecord-00000-of-00150,228,9.0,91,10,0.99997,23,23,19,20,3,0,0,221,32,21,0,7,2,16,0,10,900,4.175,23.801,0,4,22,62.83
6c4926b067121002,validation.tfrecord-00000-of-00150,229,9.0,91,10,1.0,15,15,12,15,0,0,0,136,54,51,1,6,2,8,0,9,801,5.328,20.481,0,4,14,41.33
b805d4866cd738fc,validation.tfrecord-00000-of-00150,230,8.974,91,10,0.99989,84,84,21,78,6,0,0,66,15,24,6,5,2,42,0,4,96,0.919,16.492,2,4,83,71.33
846e8444cd5c1023,validation.tfrecord-00000-of-00150,231,9.0,91,10,0.99993,72,72,22,69,3,0,0,324,54,74,7,8,8,5,0,8,720,1.335,18.634,0,2,71,90.72
f81f4ca1ed8c0296,validation.tfrecord-00000-of-00150,232,9.0,91,10,1.00006,22,22,14,19,1,2,0,136,25,37,3,4,5,18,0,7,630,5.505,23.344,0,3,21,45.63
b2fee1bca3ee846,validation.tfrecord-00000-of-00150,233,9.0,91,10,1.00004,91,91,35,82,9,0,0,165,57,50,3,12,4,19,0,10,900,1.986,15.912,0,5,90,100.0
9b167470ffd9a9a4,validation.tfrecord-00000-of-00150,234,8.988,91,10,0.9925,146,146,36,121,25,0,0,89,24,16,8,10,2,15,0,0,0,0.433,22.408,0,5,145,100.0
9b7cf4f6e53d3291,validation.tfrecord-00000-of-00150,235,9.0,91,10,1.00007,68,68,30,63,5,0,0,697,97,97,7,15,12,52,0,27,1252,3.844,19.692,0,2,67,100.0
3dc8db303512e1dc,validation.tfrecord-00000-of-00150,236,9.0,91,10,0.99991,69,69,42,57,12,0,0,660,31,114,1,13,13,20,0,8,712,2.364,18.013,0,2,68,100.0
4ba0498860f3c0a2,validation.tfrecord-00000-of-00150,237,9.0,91,10,1.00008,49,49,26,48,1,0,0,398,76,58,3,7,8,3,0,13,1170,2.359,21.343,2,8,48,89.39
b819b125e77506e8,validation.tfrecord-00000-of-00150,238,9.0,91,10,0.99955,53,53,8,48,5,0,0,104,37,39,8,3,3,77,0,0,0,0.662,15.661,2,3,52,47.32
6112b086ee0c693,validation.tfrecord-00000-of-00150,239,9.0,91,10,0.99976,48,48,32,42,5,1,0,265,56,46,4,12,5,71,0,20,1278,5.81,18.162,0,4,47,100.0
65b1b03d3bcb0193,validation.tfrecord-00000-of-00150,240,8.999,91,10,1.0001,88,88,39,81,7,0,0,296,36,34,2,4,6,23,0,11,58,3.76,16.287,0,7,87,100.0
71349ba33bca4c16,validation.tfrecord-00000-of-00150,241,9.0,91,10,1.00015,94,94,33,88,4,2,0,230,49,70,6,16,4,71,0,6,540,4.658,15.886,0,2,93,100.0
3e390250d3d259e9,validation.tfrecord-00000-of-00150,242,9.02,91,10,1.00022,86,86,38,81,5,0,0,195,45,34,0,5,6,12,0,22,1393,2.278,21.345,0,5,85,100.0
d3c141e1d85293ca,validation.tfrecord-00000-of-00150,243,9.0,91,10,0.99995,68,68,15,61,7,0,0,147,27,28,4,5,15,46,0,0,0,0.869,15.942,2,2,67,66.41
3a8096d9f9a43c2b,validation.tfrecord-00000-of-00150,244,8.994,91,10,0.9997,79,79,34,74,3,2,0,320,53,53,0,12,3,35,0,7,637,7.423,25.674,0,5,78,100.0
e53215da481e8e6a,validation.tfrecord-00000-of-00150,245,9.0,91,10,1.00025,123,123,52,115,7,1,0,624,75,64,3,16,14,5,0,26,1157,3.902,19.344,0,5,122,100.0
fb059a2c9e505e9d,validation.tfrecord-00000-of-00150,246,9.0,91,10,0.99999,35,35,11,34,1,0,0,49,10,24,5,1,3,60,0,0,0,1.346,21.666,0,1,34,25.37
e252b7865f51b36f,validation.tfrecord-00000-of-00150,247,9.0,91,10,1.00004,20,20,10,20,0,0,0,175,18,14,0,3,5,8,0,8,720,6.712,23.045,0,2,19,40.0
59afe611a68a9b39,validation.tfrecord-00000-of-00150,248,9.0,91,10,1.00016,32,32,16,29,1,2,0,233,6,30,0,0,2,32,0,0,0,3.502,23.066,2,5,31,43.34
4a10f9bb8cbbae58,validation.tfrecord-00000-of-00150,249,9.0,91,10,0.9999,64,64,19,64,0,0,0,135,35,38,0,8,7,0,0,6,546,1.407,17.44,0,4,63,62.55
8eadf5418c149c0a,validation.tfrecord-00000-of-00150,250,9.0,91,10,0.99987,45,45,29,45,0,0,0,415,78,68,3,9,5,18,0,14,1274,2.624,20.367,0,6,44,92.35
f2d08dd988f7e348,validation.tfrecord-00000-of-00150,251,9.0,91,10,1.00016,67,67,19,64,3,0,0,60,24,15,0,5,2,18,0,16,140,3.401,19.994,0,4,66,72.05
a9b45abefc2eacb9,validation.tfrecord-00000-of-00150,252,9.028,91,10,1.00208,27,27,17,24,3,0,0,79,25,25,6,3,2,33,0,0,0,2.763,36.833,0,5,26,33.87
80f8f65ea430a594,validation.tfrecord-00000-of-00150,253,9.0,91,10,1.00018,149,149,51,136,13,0,0,137,37,16,1,6,1,34,0,0,0,1.134,37.151,0,5,148,100.0
9ffb5968ce4b07fc,validation.tfrecord-00000-of-00150,254,9.0,91,10,1.00034,75,75,40,66,9,0,0,218,41,33,2,6,4,22,0,16,1181,2.581,83.174,0,3,74,100.0
27597bc952d2c9c7,validation.tfrecord-00000-of-00150,255,9.0,91,10,1.00004,130,130,25,126,4,0,0,129,43,36,8,8,0,66,0,22,874,1.142,17.895,2,4,129,100.0
ca41d05061eab86e,validation.tfrecord-00000-of-00150,256,9.0,91,10,0.99991,12,12,9,12,0,0,0,122,31,41,3,0,8,43,0,0,0,17.178,21.426,0,1,11,17.71
71fb1f7757064c72,validation.tfrecord-00000-of-00150,257,8.998,91,10,1.00018,28,28,8,28,0,0,0,293,38,44,4,14,14,19,0,11,985,1.264,19.97,2,5,27,72.19
f666d7dc2b0bcd94,validation.tfrecord-00000-of-00150,258,9.025,91,10,1.00077,123,123,25,118,5,0,0,249,41,55,6,4,4,11,0,8,360,0.735,15.057,0,5,122,100.0
8ef8b8a6c02ccd01,validation.tfrecord-00000-of-00150,259,9.0,91,10,0.9999,68,68,16,61,4,3,0,158,50,40,2,4,2,49,0,0,0,2.146,21.788,0,4,67,66.14
4489834f322877a,validation.tfrecord-00000-of-00150,260,8.993,91,10,1.00007,69,69,29,62,5,2,0,369,46,58,2,20,3,19,0,22,884,2.517,18.891,0,6,68,100.0
3e88a588e36844fc,validation.tfrecord-00000-of-00150,261,8.989,91,10,1.00002,12,12,10,12,0,0,0,122,27,48,4,4,7,54,0,18,1482,9.348,20.75,0,1,11,46.56
92f2585bcbea7f4d,validation.tfrecord-00000-of-00150,262,9.0,91,10,0.99999,100,100,51,92,5,3,0,184,68,44,4,14,0,19,0,22,1980,2.937,20.489,0,6,99,100.0
c5649e0349e4932a,validation.tfrecord-00000-of-00150,263,9.0,91,10,0.99993,30,30,17,28,2,0,0,90,30,21,0,5,0,14,0,16,1440,2.017,16.111,2,5,29,56.85
67b3d4f0aca3c66b,validation.tfrecord-00000-of-00150,264,9.0,91,10,0.99998,30,30,18,28,2,0,0,101,44,32,7,6,1,52,0,0,0,3.013,16.015,0,5,29,39.58
ca1156d1b6055148,validation.tfrecord-00000-of-00150,265,9.0,91,10,0.99998,113,113,18,113,0,0,0,462,34,89,4,8,21,36,0,4,332,3.521,28.946,0,1,112,100.0
1739d4b548211ed6,validation.tfrecord-00000-of-00150,266,9.002,91,10,0.99968,38,38,20,36,2,0,0,160,72,47,0,9,0,41,0,15,734,10.189,25.793,2,7,37,71.45
b1e75b0feb09a9e4,validation.tfrecord-00000-of-00150,267,9.0,91,10,1.00024,76,76,37,67,9,0,0,411,82,47,6,10,6,16,0,11,990,2.719,19.149,0,1,75,100.0
fe3eb27d3776d5ab,validation.tfrecord-00000-of-00150,268,9.0,91,10,1.0,128,128,65,96,32,0,0,367,53,68,2,14,9,15,0,6,546,3.797,18.924,2,8,127,100.0
3ea6dcad0bb81ba5,validation.tfrecord-00000-of-00150,269,9.0,91,10,0.99993,34,34,17,30,2,2,0,104,25,13,2,4,0,26,0,9,567,2.888,15.116,2,7,33,53.52
63bcffc229444c56,validation.tfrecord-00000-of-00150,270,9.0,91,10,1.00014,131,131,54,85,45,1,0,151,26,43,0,19,0,40,0,15,837,0.77,13.599,2,5,130,100.0
a19d65cd9eee14c1,validation.tfrecord-00000-of-00150,271,9.0,91,10,1.0002,95,95,23,91,1,3,0,467,34,54,0,9,13,33,0,8,728,1.652,23.184,2,4,94,100.0
4a913307dc754c4f,validation.tfrecord-00000-of-00150,272,9.024,91,10,0.99985,33,33,30,33,0,0,0,121,32,55,6,4,5,69,0,11,512,8.202,26.323,0,5,32,53.13
3a365999a9732216,validation.tfrecord-00000-of-00150,273,9.0,91,10,0.99989,35,35,12,33,1,1,0,226,33,23,1,8,3,14,0,16,1440,3.185,21.149,0,5,34,72.48
dcfb89080584aff0,validation.tfrecord-00000-of-00150,274,9.027,91,10,1.00017,100,100,49,97,3,0,0,379,54,50,1,10,6,4,0,0,0,5.179,24.136,0,2,99,100.0
f634675c73bb60a9,validation.tfrecord-00000-of-00150,275,9.0,91,10,1.00002,39,39,25,24,13,2,0,106,40,28,1,3,1,19,0,20,1800,1.882,15.937,0,4,38,93.83
5a23f610914ea863,validation.tfrecord-00000-of-00150,276,9.0,91,10,0.99996,65,65,37,57,8,0,0,301,41,32,0,10,9,14,0,20,1820,2.708,18.047,0,7,64,100.0
5aa8968270e600dc,validation.tfrecord-00000-of-00150,277,8.995,91,10,1.00004,24,24,21,21,3,0,0,175,49,40,6,8,7,47,0,14,1260,9.981,25.263,0,2,23,66.75
19d992298d377f21,validation.tfrecord-00000-of-00150,278,9.0,91,10,0.99954,29,29,14,26,2,1,0,87,27,26,12,8,0,30,0,0,0,2.301,9.521,2,7,28,41.76
668c682c15453f4e,validation.tfrecord-00000-of-00150,279,9.004,91,10,1.00025,7,7,2,7,0,0,0,91,24,43,6,2,5,49,0,0,0,2.867,11.095,2,2,6,13.78
e59e0269850f6834,validation.tfrecord-00000-of-00150,280,8.969,91,10,1.00046,39,39,6,38,1,0,0,44,8,23,4,4,3,51,0,0,0,0.625,9.451,0,3,38,29.32
f29ab125e68039a5,validation.tfrecord-00000-of-00150,281,8.991,91,10,0.99421,72,72,29,69,3,0,0,397,82,69,2,10,6,21,0,4,40,1.994,18.369,0,4,71,97.01
3ede7108b8eef8fa,validation.tfrecord-00000-of-00150,282,8.999,91,10,0.99982,36,36,16,35,1,0,0,230,28,61,0,5,11,6,0,13,864,1.528,16.609,0,1,35,64.25
76aaa2985582f6b1,validation.tfrecord-00000-of-00150,283,9.0,91,10,0.99994,57,57,22,52,5,0,0,110,32,23,2,3,6,9,0,8,444,6.049,26.764,0,3,56,64.3
e61319796fcc7ee0,validation.tfrecord-00000-of-00150,284,9.0,91,10,1.00003,37,37,28,34,2,1,0,173,30,28,3,6,7,4,0,6,543,3.463,21.494,0,4,36,61.24
a5704e8a58571f00,validation.tfrecord-00000-of-00150,285,9.0,91,10,1.00005,139,139,44,129,9,1,0,101,33,14,1,5,1,23,0,13,1170,0.783,18.958,0,6,138,100.0
ae0532d70d1198c,validation.tfrecord-00001-of-00150,0,9.002,91,10,1.00016,208,208,45,202,6,0,0,328,59,53,2,14,7,20,0,13,759,1.622,20.224,0,8,207,100.0
b717f7a9e71ddb9a,validation.tfrecord-00001-of-00150,1,9.0,91,10,0.99981,108,108,58,105,2,1,0,626,96,90,5,15,11,39,0,27,2022,2.832,32.081,0,8,107,100.0
9753ba830d687207,validation.tfrecord-00001-of-00150,2,9.0,91,10,1.00008,47,47,26,47,0,0,0,124,48,25,3,4,0,53,0,0,0,12.119,22.744,2,3,46,43.82
a7c3eb4376742648,validation.tfrecord-00001-of-00150,3,9.0,91,10,1.00027,197,197,39,197,0,0,0,95,32,16,2,5,1,23,0,7,630,1.302,38.36,2,7,196,100.0
352093c6bb741b97,validation.tfrecord-00001-of-00150,4,8.993,91,10,0.99569,110,110,25,110,0,0,0,127,37,41,3,9,5,66,0,5,87,2.717,21.963,0,5,109,82.66
7dc994463f460e98,validation.tfrecord-00001-of-00150,5,9.001,91,10,0.99929,77,77,20,68,7,2,0,75,32,18,2,6,1,25,0,11,968,0.777,12.245,2,4,76,85.45
6e51d1234a15e720,validation.tfrecord-00001-of-00150,6,9.0,91,10,0.99996,66,66,37,64,2,0,0,352,73,57,2,11,3,2,0,18,1620,3.821,21.995,0,5,65,100.0
1770770a9877ed68,validation.tfrecord-00001-of-00150,7,9.0,91,10,0.99998,48,48,9,41,7,0,0,30,4,16,3,1,0,31,0,0,0,0.481,8.672,0,3,47,40.95
17c9ecc488335491,validation.tfrecord-00001-of-00150,8,9.018,91,10,1.00019,70,70,5,69,1,0,0,149,9,29,7,6,2,4,0,0,0,0.214,8.19,2,2,69,52.77
649c624f7bb504ea,validation.tfrecord-00001-of-00150,9,9.007,91,10,1.00664,55,55,22,40,15,0,0,76,21,14,1,4,1,16,0,11,907,1.957,18.788,0,6,54,87.03
135cc2745c4425f1,validation.tfrecord-00001-of-00150,10,8.987,91,10,0.99995,38,38,17,38,0,0,0,468,84,68,2,14,5,20,0,27,1623,2.055,12.833,2,5,37,100.0
4d0df6681e9a5881,validation.tfrecord-00001-of-00150,11,8.999,91,10,1.00001,64,64,23,51,10,3,0,134,44,29,2,5,1,76,0,10,175,3.228,14.646,0,4,63,91.67
bef13d67e31071b7,validation.tfrecord-00001-of-00150,12,9.0,91,10,1.00005,52,52,9,48,4,0,0,161,12,27,1,1,5,14,0,0,0,0.506,15.869,0,5,51,46.73
1bfe02ca8b8ed09,validation.tfrecord-00001-of-00150,13,9.0,91,10,0.99984,171,171,57,167,4,0,0,705,37,95,0,13,14,50,0,24,688,2.927,19.829,2,4,170,100.0
8a9d03039cff9466,validation.tfrecord-00001-of-00150,14,9.0,91,10,1.00019,101,101,47,69,29,3,0,72,19,23,1,4,0,34,0,14,861,0.976,16.16,0,4,100,100.0
cc1ba3f791e666d6,validation.tfrecord-00001-of-00150,15,9.001,91,10,1.00042,37,37,21,32,5,0,0,187,21,27,1,10,5,25,0,7,518,3.443,18.821,2,7,36,71.36
48917af0e0447814,validation.tfrecord-00001-of-00150,16,9.001,91,10,0.99999,94,94,65,79,13,2,0,216,44,65,7,6,4,61,0,18,288,7.82,19.056,2,5,93,100.0
975a3faf7536fc35,validation.tfrecord-00001-of-00150,17,9.0,91,10,1.00001,30,30,13,30,0,0,0,207,39,65,9,0,7,71,0,0,0,12.135,27.036,0,2,29,33.11
fe15109017afe72a,validation.tfrecord-00001-of-00150,18,8.993,91,10,0.99904,79,79,10,79,0,0,0,322,29,80,2,8,16,11,0,0,0,0.668,18.782,2,5,78,72.86
1772895bbe6d9b34,validation.tfrecord-00001-of-00150,19,9.0,91,10,0.99997,89,89,47,75,14,0,0,299,44,44,0,9,8,13,0,6,534,2.01,13.618,0,8,88,100.0
ea54286dea96511c,validation.tfrecord-00001-of-00150,20,8.999,91,10,0.99945,159,159,45,116,43,0,0,190,11,65,5,7,1,3,0,0,0,0.301,12.669,2,5,158,100.0
61843091752e7d77,validation.tfrecord-00001-of-00150,21,9.0,91,10,0.99999,38,38,28,12,26,0,0,40,7,11,3,8,0,12,0,0,0,0.989,27.417,0,4,37,94.8
6752612cbdb5e13a,validation.tfrecord-00001-of-00150,22,9.0,91,10,0.99988,15,15,11,11,2,2,0,179,26,23,2,4,7,14,0,3,270,5.165,18.277,0,2,14,42.32
b58867a4ca1408c,validation.tfrecord-00001-of-00150,23,9.001,91,10,1.0,20,20,8,16,4,0,0,121,40,41,1,5,7,8,0,10,910,1.768,13.06,2,3,19,48.88
f9f80fb553e04b20,validation.tfrecord-00001-of-00150,24,9.0,91,10,1.00004,75,75,41,72,3,0,0,115,45,40,3,5,0,43,0,20,1534,4.152,18.796,2,5,74,92.35
43c7d9ef36853126,validation.tfrecord-00001-of-00150,25,9.0,91,10,0.99993,95,95,31,83,12,0,0,108,43,48,2,5,4,57,0,7,637,1.168,21.381,0,5,94,98.94
3c25d84859606f0e,validation.tfrecord-00001-of-00150,26,9.0,91,10,0.99985,12,12,4,12,0,0,0,98,25,32,3,0,6,31,0,0,0,11.853,20.879,0,1,11,14.04
a89f89888398d0a1,validation.tfrecord-00001-of-00150,27,9.02,91,10,1.00514,57,57,35,54,3,0,0,205,53,35,1,10,7,21,0,22,300,7.275,22.124,0,4,56,100.0
e60fe7f0fc980963,validation.tfrecord-00001-of-00150,28,9.0,91,10,0.99991,71,71,33,69,2,0,0,217,29,25,2,5,8,25,0,8,720,2.881,22.545,0,6,70,79.01
de129ed4f265fc1,validation.tfrecord-00001-of-00150,29,9.003,91,10,1.00298,16,16,9,16,0,0,0,111,18,16,1,0,9,9,0,0,0,8.054,39.298,0,2,15,18.43
bed8b1cbc5a752e8,validation.tfrecord-00001-of-00150,30,9.0,91,10,0.99991,188,188,55,139,49,0,0,233,18,47,2,5,1,0,0,0,0,0.419,19.598,0,7,187,100.0
c48b95d5d203d98d,validation.tfrecord-00001-of-00150,31,9.0,91,10,1.00003,28,28,23,25,1,2,0,22,8,19,0,0,1,34,0,0,0,11.53,21.814,0,2,27,27.31
1cd8531d68386b6c,validation.tfrecord-00001-of-00150,32,9.0,91,10,1.00033,47,47,26,40,7,0,0,322,34,44,2,5,22,22,0,7,538,8.074,28.412,0,2,46,84.61
319957b168bbebbc,validation.tfrecord-00001-of-00150,33,8.999,91,10,1.00005,74,74,13,70,4,0,0,415,81,106,15,34,6,48,0,22,1388,0.987,17.403,0,2,73,100.0
4159aac6cd6c2cae,validation.tfrecord-00001-of-00150,34,9.0,91,10,0.99998,17,17,14,17,0,0,0,168,54,47,1,5,3,35,0,8,720,8.5,14.004,2,3,16,42.64
14b61f20929dcee2,validation.tfrecord-00001-of-00150,35,8.998,91,10,1.00002,34,34,10,34,0,0,0,125,20,31,1,7,11,29,0,9,213,1.526,66.741,0,1,33,48.85
dd2c66aaf7a22cc6,validation.tfrecord-00001-of-00150,36,9.0,91,10,0.9993,72,72,24,68,3,1,0,97,24,36,11,6,1,31,0,0,0,2.543,21.595,0,8,71,62.36
c189070365a0efe,validation.tfrecord-00001-of-00150,37,8.981,91,10,0.99333,34,34,8,29,5,0,0,27,0,15,1,0,3,50,0,0,0,0.321,5.979,0,1,33,29.06
bc6ace15324991ea,validation.tfrecord-00001-of-00150,38,8.974,91,10,0.99993,104,104,17,96,8,0,0,89,17,33,13,5,0,53,0,0,0,0.334,18.249,2,3,103,78.97
17b202f9793ffde5,validation.tfrecord-00001-of-00150,39,9.0,91,10,0.99997,32,32,21,31,1,0,0,259,52,58,2,15,7,25,0,23,1206,5.56,25.018,2,5,31,94.22
75455de00f44cb2,validation.tfrecord-00001-of-00150,40,9.0,91,10,1.00011,30,30,21,30,0,0,0,198,31,41,3,5,5,10,0,12,1080,3.296,20.449,2,4,29,57.69
d6bc4918448380ef,validation.tfrecord-00001-of-00150,41,9.0,91,10,0.99998,135,135,62,134,1,0,0,706,97,97,5,15,11,31,0,27,1880,3.004,18.628,0,8,134,100.0
cf52cd977a36b0ec,validation.tfrecord-00001-of-00150,42,8.999,91,10,1.00024,25,25,8,23,2,0,0,84,28,36,2,2,2,51,0,12,959,1.551,12.685,0,1,24,41.72
ce51e6a180d60006,validation.tfrecord-00001-of-00150,43,9.0,91,10,0.99998,262,262,23,240,22,0,0,156,3,35,6,17,2,3,0,0,0,0.177,10.08,0,2,261,100.0
16bc91222987359a,validation.tfrecord-00001-of-00150,44,9.001,91,10,1.00023,114,114,80,59,51,4,0,104,40,23,2,9,0,20,0,12,1044,1.961,86.616,0,4,113,100.0
b6cc3d8f36c7ed41,validation.tfrecord-00001-of-00150,45,9.0,91,10,1.00009,28,28,13,28,0,0,0,83,45,18,0,4,0,1,0,16,1200,0.953,17.887,0,1,27,48.39
58b97b819d54834,validation.tfrecord-00001-of-00150,46,8.989,91,10,0.99326,120,120,32,94,23,3,0,65,20,48,5,4,0,107,0,0,0,1.11,17.194,0,1,119,100.0
9c9828547962304c,validation.tfrecord-00001-of-00150,47,9.0,91,10,0.99988,29,29,26,29,0,0,0,463,49,73,6,10,15,20,0,12,1092,3.323,20.2,0,5,28,87.74
bbeda2b810a2b2b6,validation.tfrecord-00001-of-00150,48,9.0,91,10,0.99995,88,88,29,67,20,1,0,122,24,31,13,13,2,30,0,0,0,0.407,9.251,2,6,87,100.0
d49e1a74e531297d,validation.tfrecord-00001-of-00150,49,9.0,91,10,1.00029,18,18,9,16,2,0,0,91,19,30,7,2,1,53,0,0,0,1.791,11.597,0,1,17,24.83
a7f58b3665996e8a,validation.tfrecord-00001-of-00150,50,9.0,91,10,1.00011,93,93,45,84,9,0,0,462,78,60,2,15,10,18,0,18,1332,1.873,18.943,0,5,92,100.0
14e25d2193c03991,validation.tfrecord-00001-of-00150,51,9.002,91,10,1.0,63,63,32,61,2,0,0,264,35,25,2,11,3,17,0,15,985,2.838,69.893,2,3,62,96.97
424ff6bf4cee0af0,validation.tfrecord-00001-of-00150,52,9.0,91,10,0.99999,75,75,23,75,0,0,0,88,26,19,2,4,0,36,0,7,623,0.855,20.832,0,2,74,59.84
f96098173fc23c7f,validation.tfrecord-00001-of-00150,53,8.975,91,10,0.97453,23,23,18,23,0,0,0,247,51,95,5,8,4,27,0,16,178,9.471,20.472,0,3,22,67.26
2454b3c25b2ffcd2,validation.tfrecord-00001-of-00150,54,9.0,91,10,0.99952,71,71,29,68,3,0,0,151,27,32,4,4,4,30,0,7,637,3.772,19.343,2,7,70,71.68
30d9a6ac19131771,validation.tfrecord-00001-of-00150,55,8.999,91,10,0.99949,32,32,5,27,4,1,0,56,5,25,7,2,2,70,0,0,0,0.674,12.225,0,1,31,32.53
cca88539d828630c,validation.tfrecord-00001-of-00150,56,8.975,91,10,0.97513,108,108,42,103,5,0,0,522,77,67,1,15,12,14,0,13,867,4.036,81.372,0,3,107,100.0
1a20b2105647ef84,validation.tfrecord-00001-of-00150,57,9.0,91,10,1.00002,103,103,21,91,11,1,0,199,2,36,2,7,8,3,0,0,0,0.364,10.859,0,7,102,100.0
862348b1ddf6d7dc,validation.tfrecord-00001-of-00150,58,8.998,91,10,0.99902,55,55,23,48,7,0,0,598,28,100,18,11,25,32,0,18,1008,3.107,15.876,0,6,54,100.0
ab8056d195b06f7f,validation.tfrecord-00001-of-00150,59,8.999,91,10,1.00069,28,28,21,28,0,0,0,92,30,34,4,4,4,39,0,9,259,5.626,20.38,0,3,27,43.16
84b5c3c3a608bfa0,validation.tfrecord-00001-of-00150,60,9.0,91,10,0.99992,77,77,43,74,3,0,0,242,49,28,0,5,9,4,0,21,1911,4.681,80.076,0,7,76,100.0
bf15c3810241dc89,validation.tfrecord-00001-of-00150,61,9.015,91,10,1.00483,82,82,27,80,2,0,0,142,34,39,2,8,6,12,0,4,360,1.328,21.441,0,8,81,74.81
5a93431467eaaaa3,validation.tfrecord-00001-of-00150,62,8.996,91,10,0.99929,207,207,49,171,36,0,0,63,22,16,0,5,3,3,0,0,0,0.215,15.619,0,3,206,100.0
46f51457c8d25082,validation.tfrecord-00001-of-00150,63,9.0,91,10,0.9999,37,37,20,29,8,0,0,399,42,75,1,8,6,17,0,7,630,1.014,15.945,0,3,36,91.27
17196e483a54f95c,validation.tfrecord-00001-of-00150,64,9.0,91,10,1.00003,52,52,31,48,4,0,0,340,77,33,3,7,9,16,0,27,1714,2.397,16.727,0,7,51,100.0
5562738cbf1cff58,validation.tfrecord-00001-of-00150,65,9.0,91,10,1.00026,27,27,5,25,2,0,0,90,23,26,8,4,2,76,0,0,0,1.808,12.066,0,1,26,29.95
7f9b244b5cd2392a,validation.tfrecord-00001-of-00150,66,9.0,91,10,1.00003,71,71,22,70,1,0,0,250,54,48,2,17,3,35,0,6,528,1.442,14.766,0,4,70,91.2
3790a67a7de96275,validation.tfrecord-00001-of-00150,67,9.0,91,10,0.99996,38,38,16,38,0,0,0,279,32,44,8,10,3,19,0,9,819,2.183,18.025,0,7,37,69.37
a091ed174a69213c,validation.tfrecord-00001-of-00150,68,9.0,91,10,1.00005,78,78,30,76,2,0,0,266,46,36,2,10,6,13,0,16,1440,4.111,22.131,0,3,77,100.0
5017c47ad1ec05bd,validation.tfrecord-00001-of-00150,69,9.0,91,10,1.00016,159,159,43,120,39,0,0,322,9,76,0,17,4,12,0,0,0,0.227,18.253,0,4,158,100.0
77f65c61a531e660,validation.tfrecord-00001-of-00150,70,9.0,91,10,0.9998,56,56,54,56,0,0,0,227,81,46,0,10,2,10,0,7,630,10.544,18.336,0,4,55,83.21
a7acd43b5f69af82,validation.tfrecord-00001-of-00150,71,9.0,91,10,1.0,94,94,48,48,46,0,0,109,32,50,2,6,1,53,0,0,0,1.085,16.62,0,8,93,100.0
6a5ae3dc0966721a,validation.tfrecord-00001-of-00150,72,9.0,91,10,1.00027,33,33,9,27,5,1,0,167,23,47,13,13,9,41,0,2,180,1.009,9.658,0,3,32,64.31
71f64682535837d1,validation.tfrecord-00001-of-00150,73,9.0,91,10,1.00013,26,26,14,23,3,0,0,315,41,53,2,14,2,19,0,6,534,0.984,28.801,0,3,25,75.3
55648a6faba5e1b7,validation.tfrecord-00001-of-00150,74,8.982,91,10,0.99372,62,62,18,56,3,3,0,188,30,36,2,4,3,21,0,0,0,1.594,18.456,0,6,61,64.74
ce5fdc1d38c25117,validation.tfrecord-00001-of-00150,75,9.0,91,10,0.99993,10,10,10,10,0,0,0,94,23,40,2,4,4,32,0,13,677,9.047,38.195,0,1,9,37.27
3805690e1a1f2ee2,validation.tfrecord-00001-of-00150,76,9.0,91,10,0.99984,43,43,27,40,2,1,0,132,48,39,5,7,2,51,0,10,864,2.848,13.5,2,8,42,66.51
9ad163f4c55c287c,validation.tfrecord-00001-of-00150,77,8.999,91,10,1.0001,17,17,8,17,0,0,0,231,28,37,0,4,13,41,0,9,175,2.48,16.328,0,4,16,45.33
17bfe83fc95fa23e,validation.tfrecord-00001-of-00150,78,9.0,91,10,0.9998,75,75,31,36,39,0,0,152,24,48,4,14,0,13,0,10,900,0.917,12.899,0,4,74,100.0
168673daa2486434,validation.tfrecord-00001-of-00150,79,9.0,91,10,0.99994,21,21,4,20,0,1,0,143,29,60,7,2,7,79,0,4,248,1.609,13.496,0,1,20,31.34
7c518730a4fe4d1b,validation.tfrecord-00001-of-00150,80,9.01,91,10,0.99925,54,54,12,50,4,0,0,229,38,57,6,10,4,18,0,5,445,1.39,9.892,0,5,53,73.77
f6b992f2aa13b812,validation.tfrecord-00001-of-00150,81,9.0,91,10,0.9999,10,10,3,8,2,0,0,86,13,18,4,1,3,45,0,0,0,0.498,5.885,0,2,9,17.63
b0fc4ae54edefe4c,validation.tfrecord-00001-of-00150,82,9.0,91,10,1.00011,30,30,18,30,0,0,0,101,21,35,1,3,2,35,0,5,450,2.686,57.648,2,3,29,37.13
cd2d123357f30549,validation.tfrecord-00001-of-00150,83,9.0,91,10,0.99998,95,95,56,86,9,0,0,614,52,68,1,18,20,24,0,20,908,4.526,19.293,0,8,94,100.0
cb896d1d32709439,validation.tfrecord-00001-of-00150,84,9.022,91,10,1.00766,36,36,18,33,3,0,0,361,47,52,2,6,10,10,0,6,114,4.164,16.374,0,5,35,72.38
54a7cd30b125d3c,validation.tfrecord-00001-of-00150,85,9.0,91,10,1.00007,172,172,14,166,6,0,0,293,64,67,5,14,7,68,0,6,546,0.388,14.411,0,2,171,100.0
9498a06ba16ef64d,validation.tfrecord-00001-of-00150,86,9.0,91,10,0.99988,144,144,78,127,17,0,0,496,51,93,3,9,9,20,0,20,985,4.572,25.762,0,6,143,100.0
9fb55cd563213483,validation.tfrecord-00001-of-00150,87,9.0,91,10,1.00004,85,85,43,79,5,1,0,223,72,39,4,9,10,23,0,0,0,2.389,18.668,2,5,84,92.99
31f246029d4b19dd,validation.tfrecord-00001-of-00150,88,9.0,91,10,1.00003,13,13,13,13,0,0,0,104,34,30,4,4,6,27,0,20,1129,3.565,24.688,0,2,12,49.07
715bbff7e70b75f9,validation.tfrecord-00001-of-00150,89,9.023,91,10,1.00198,14,14,3,13,1,0,0,54,10,37,6,0,2,75,0,0,0,0.549,9.311,0,1,13,13.07
5b4a6329dcd769dd,validation.tfrecord-00001-of-00150,90,9.0,91,10,0.99989,137,137,27,109,28,0,0,311,9,55,5,7,13,3,0,0,0,0.178,11.84,2,4,136,100.0
ca269460a5077bec,validation.tfrecord-00001-of-00150,91,9.0,91,10,1.00023,75,75,36,72,3,0,0,566,98,97,5,15,7,23,0,27,1327,4.67,19.928,0,3,74,100.0
7f12e62cb5324c8b,validation.tfrecord-00001-of-00150,92,9.0,91,10,1.0001,17,17,7,17,0,0,0,111,42,33,0,5,3,36,0,15,1365,1.804,31.039,0,1,16,44.38
7fb7ab300f768368,validation.tfrecord-00001-of-00150,93,9.023,91,10,1.0013,114,114,14,114,0,0,0,105,46,30,8,8,2,52,0,0,0,0.582,20.802,2,7,113,70.9
834b4a111d144c9f,validation.tfrecord-00001-of-00150,94,8.999,91,10,0.99946,86,86,31,83,3,0,0,107,42,37,0,10,1,30,0,19,729,3.16,69.307,2,8,85,98.86
bbc2e2bfa38c967f,validation.tfrecord-00001-of-00150,95,9.0,91,10,0.99978,25,25,11,20,5,0,0,102,44,35,7,6,1,51,0,0,0,2.915,14.566,2,4,24,41.51
29225baa2932df54,validation.tfrecord-00001-of-00150,96,9.0,91,10,1.00018,75,75,22,74,1,0,0,564,63,93,4,22,11,21,0,8,608,7.442,23.453,0,2,74,100.0
d9e1cba46965ed48,validation.tfrecord-00001-of-00150,97,9.0,91,10,0.99989,83,83,28,83,0,0,0,187,35,39,8,9,1,28,0,9,810,1.178,27.603,0,2,82,82.71
80af58ec9b445ad4,validation.tfrecord-00001-of-00150,98,8.998,91,10,1.00001,39,39,39,39,0,0,0,43,25,30,2,0,2,7,0,0,0,14.083,32.475,0,8,38,32.69
ac08341d39a06ac7,validation.tfrecord-00001-of-00150,99,9.0,91,10,0.99999,8,8,6,8,0,0,0,157,40,74,7,4,8,96,0,18,330,15.969,22.115,0,1,7,46.36
3f860b3ccd4e5e9,validation.tfrecord-00001-of-00150,100,9.0,91,10,0.99979,58,58,21,58,0,0,0,191,20,51,7,1,7,65,0,0,0,5.022,21.626,2,3,57,47.33
2bea50b49da6f2fa,validation.tfrecord-00001-of-00150,101,8.976,91,10,0.99973,129,129,99,43,86,0,0,109,59,26,0,13,0,15,0,23,1118,2.08,24.478,0,8,128,100.0
3c082b481ef9654f,validation.tfrecord-00001-of-00150,102,9.003,91,10,0.99521,69,69,36,66,3,0,0,213,58,49,5,11,5,40,0,10,391,2.906,20.349,2,8,68,92.54
1bf6b568893f83ca,validation.tfrecord-00001-of-00150,103,9.001,91,10,1.00022,15,15,13,10,2,3,0,168,37,28,1,4,7,13,0,10,890,5.13,15.856,0,4,14,52.99
ea437b906368a213,validation.tfrecord-00001-of-00150,104,9.001,91,10,1.00004,87,87,87,87,0,0,0,31,29,18,0,0,0,22,0,0,0,8.606,75.711,2,8,86,67.73
d4e8da438f714020,validation.tfrecord-00001-of-00150,105,9.0,91,10,1.00039,129,129,28,109,19,1,0,109,8,65,19,16,1,152,0,0,0,0.455,12.682,2,4,128,100.0
592d55553b18086c,validation.tfrecord-00001-of-00150,106,8.989,91,10,1.00001,40,40,27,38,2,0,0,642,30,85,0,12,14,19,0,23,1694,3.674,19.213,2,4,39,100.0
1d7022ed049f04f3,validation.tfrecord-00001-of-00150,107,9.0,91,10,0.99977,30,30,10,28,2,0,0,88,13,37,5,8,5,61,0,3,273,0.765,10.788,0,2,29,42.49
699216fe7f88e76c,validation.tfrecord-00001-of-00150,108,9.0,91,10,1.00007,40,40,33,40,0,0,0,100,43,32,7,6,1,44,0,0,0,2.135,14.036,0,5,39,44.55
bb684a0f3c897624,validation.tfrecord-00001-of-00150,109,9.0,91,10,1.00002,28,28,10,27,1,0,0,216,45,58,1,8,3,4,0,15,1350,3.186,21.723,0,3,27,64.83
10c3b27f9593de61,validation.tfrecord-00001-of-00150,110,9.0,91,10,0.99997,25,25,7,24,1,0,0,214,18,54,2,1,2,0,0,0,0,1.237,23.771,0,2,24,33.17
eedae33eb64572c0,validation.tfrecord-00001-of-00150,111,9.003,91,10,1.00223,27,27,18,24,1,2,0,92,41,36,7,6,3,48,0,0,0,3.39,15.43,0,7,26,39.76
ddb6cec190385afc,validation.tfrecord-00001-of-00150,112,9.0,91,10,0.99986,175,175,29,150,25,0,0,308,22,78,4,5,0,2,0,0,0,0.113,5.335,0,3,174,100.0
725458fd436b77a,validation.tfrecord-00001-of-00150,113,9.0,91,10,1.00001,37,37,21,34,3,0,0,163,44,23,2,12,1,21,0,6,546,1.869,19.039,0,2,36,66.99
382bf7cb177593e0,validation.tfrecord-00001-of-00150,114,9.0,91,10,1.00002,94,94,26,83,11,0,0,387,11,59,3,20,8,12,0,0,0,1.166,27.136,2,2,93,100.0
7a6352c728fda998,validation.tfrecord-00001-of-00150,115,9.022,91,10,1.00028,165,165,50,136,28,1,0,141,30,51,6,15,1,112,0,17,640,0.792,23.671,0,7,164,100.0
5b0285b3d5b0c364,validation.tfrecord-00001-of-00150,116,9.007,91,10,1.0004,28,28,8,27,1,0,0,38,0,19,6,1,1,32,0,0,0,1.138,12.426,2,2,27,20.64
78ad573283fb5a49,validation.tfrecord-00001-of-00150,117,9.009,91,10,1.00386,28,28,12,21,7,0,0,298,26,52,0,5,11,9,0,0,0,1.063,17.925,0,4,27,61.44
9e455a0332beef76,validation.tfrecord-00001-of-00150,118,9.0,91,10,0.99993,18,18,5,18,0,0,0,210,29,38,1,4,16,17,0,11,990,1.685,21.584,2,2,17,45.5
c841e809ee1a3ed7,validation.tfrecord-00001-of-00150,119,9.0,91,10,0.99993,62,62,13,62,0,0,0,44,10,8,0,3,0,7,0,4,360,2.225,21.748,0,2,61,42.37
26a8f8a819dbb1b5,validation.tfrecord-00001-of-00150,120,9.0,91,10,0.99997,19,19,13,19,0,0,0,75,14,39,7,2,4,59,0,0,0,4.349,13.409,0,3,18,21.15
2c5e65db1499dcc,validation.tfrecord-00001-of-00150,121,9.0,91,10,1.00022,59,59,50,58,1,0,0,242,90,85,0,13,3,3,0,15,1111,10.398,27.445,0,8,58,100.0
a9f6dc811050291c,validation.tfrecord-00001-of-00150,122,9.0,91,10,0.99984,88,88,41,85,3,0,0,238,38,49,7,5,13,6,0,8,720,1.275,18.752,2,6,87,92.39
b25e80dc89b06de7,validation.tfrecord-00001-of-00150,123,9.002,91,10,1.00058,214,214,48,193,21,0,0,377,47,50,3,11,5,18,0,12,1068,1.909,24.594,0,8,213,100.0
4572f8b3d2c57035,validation.tfrecord-00001-of-00150,124,9.0,91,10,1.00004,55,55,39,36,16,3,0,121,43,34,3,6,1,26,0,9,810,2.085,14.315,0,6,54,100.0
a5332ffd5a9919d8,validation.tfrecord-00001-of-00150,125,9.0,91,10,0.99998,42,42,17,40,2,0,0,104,38,35,1,5,2,28,0,8,720,1.005,17.421,2,7,41,52.77
af0817d86d9b8947,validation.tfrecord-00001-of-00150,126,9.0,91,10,0.99994,65,65,27,64,1,0,0,264,44,44,5,9,13,12,0,6,546,2.876,24.63,2,8,64,79.67
48824446f21b3eb0,validation.tfrecord-00001-of-00150,127,9.0,91,10,1.00015,76,76,32,75,1,0,0,327,70,51,2,12,1,8,0,17,930,5.309,71.742,2,5,75,100.0
1569546f5316da8a,validation.tfrecord-00001-of-00150,128,9.0,91,10,1.00006,39,39,7,38,0,1,0,40,10,19,5,0,0,38,0,0,0,0.421,8.683,2,3,38,23.35
4631826eb362224f,validation.tfrecord-00001-of-00150,129,9.023,91,10,1.00065,188,188,95,56,129,3,0,135,20,30,6,14,5,15,0,11,416,1.053,12.034,2,6,187,100.0
23460c5d408e2888,validation.tfrecord-00001-of-00150,130,9.0,91,10,1.0,28,28,28,28,0,0,0,357,43,84,11,5,17,33,0,21,978,15.239,33.651,2,3,27,83.31
a1a96bf2220e467a,validation.tfrecord-00001-of-00150,131,9.011,91,10,1.00793,63,63,21,58,5,0,0,76,30,22,1,5,0,31,0,5,450,1.491,15.308,0,1,62,62.88
46da400652b7f84b,validation.tfrecord-00001-of-00150,132,9.0,91,10,1.00008,51,51,36,44,7,0,0,180,49,32,1,9,3,21,0,8,728,3.362,19.517,0,8,50,85.6
b3fa998546019f12,validation.tfrecord-00001-of-00150,133,9.0,91,10,0.99985,100,100,44,67,33,0,0,171,47,33,1,5,3,1,0,14,1260,1.002,16.797,2,6,99,100.0
ed744d08da9b82cf,validation.tfrecord-00001-of-00150,134,9.0,91,10,0.99979,87,87,54,73,10,4,0,368,89,53,2,14,3,26,0,25,1967,4.687,21.216,0,5,86,100.0
9ae0596ce8d0c996,validation.tfrecord-00001-of-00150,135,8.978,91,10,1.00012,116,116,59,103,13,0,0,643,100,110,8,27,7,24,0,29,1702,2.453,20.057,0,8,115,100.0
cedef6df5b55a7eb,validation.tfrecord-00001-of-00150,136,9.0,91,10,0.9999,10,10,10,8,2,0,0,121,16,35,6,2,2,81,0,0,0,14.72,25.65,0,1,9,24.38
bb8b24c21627423,validation.tfrecord-00001-of-00150,137,8.98,91,10,0.99993,47,47,26,47,0,0,0,421,50,57,3,15,0,10,0,17,1224,4.152,29.263,2,7,46,100.0
54b39b41b0e2e141,validation.tfrecord-00001-of-00150,138,9.0,91,10,1.00006,65,65,13,63,1,1,0,209,33,32,2,5,11,12,0,8,396,3.281,20.52,2,5,64,68.97
ebe815c5edca359f,validation.tfrecord-00001-of-00150,139,9.0,91,10,0.99992,102,102,41,97,4,1,0,120,36,29,0,4,1,24,0,14,848,2.211,36.136,2,7,101,98.75
9e7d77ef94ae7172,validation.tfrecord-00001-of-00150,140,9.0,91,10,1.00001,47,47,36,45,2,0,0,381,31,64,2,12,7,22,0,16,1328,7.651,19.469,2,6,46,100.0
8cae6e64d2baedb9,validation.tfrecord-00001-of-00150,141,9.1,91,10,0.99966,16,16,10,16,0,0,0,309,38,74,1,4,22,78,0,6,540,15.409,31.538,2,3,15,48.12
2ea4425facf74371,validation.tfrecord-00001-of-00150,142,9.0,91,10,0.99993,48,48,16,44,2,2,0,668,107,129,12,26,13,26,0,20,200,5.826,63.474,2,2,47,100.0
a2e6b0f16aee6dca,validation.tfrecord-00001-of-00150,143,9.0,91,10,1.00012,98,98,57,86,12,0,0,330,80,61,2,11,3,15,0,9,810,1.827,23.164,0,5,97,100.0
82a53c12018040fb,validation.tfrecord-00001-of-00150,144,9.021,91,10,1.00497,2,2,2,2,0,0,0,183,67,70,0,7,2,15,0,18,980,14.185,20.469,2,2,1,49.14
8baadd99ae05b899,validation.tfrecord-00001-of-00150,145,8.989,91,10,0.99995,23,23,15,22,1,0,0,328,67,59,8,11,8,5,0,20,1780,2.669,16.93,0,6,22,84.29
15908f8e4215ec65,validation.tfrecord-00001-of-00150,146,8.998,91,10,1.00071,24,24,3,23,1,0,0,74,0,59,7,1,9,144,0,0,0,1.008,11.109,0,2,23,20.17
5ed51163086f4b08,validation.tfrecord-00001-of-00150,147,9.0,91,10,1.00005,122,122,13,115,7,0,0,483,28,60,0,12,16,5,0,0,0,0.129,12.001,0,1,121,100.0
c00e6209e5e252c3,validation.tfrecord-00001-of-00150,148,8.998,91,10,0.99945,79,79,17,79,0,0,0,127,40,51,7,11,0,26,0,0,0,1.976,17.039,0,4,78,64.21
72ff3e1540b28431,validation.tfrecord-00001-of-00150,149,9.0,91,10,0.99999,76,76,41,65,10,1,0,394,30,56,0,12,9,18,0,7,630,4.646,25.038,2,4,75,100.0
14373efb7f0e3a96,validation.tfrecord-00001-of-00150,150,9.0,91,10,1.00006,78,78,30,54,24,0,0,296,50,47,4,10,14,28,0,2,180,1.692,14.372,2,6,77,100.0
b7c1e2c9970010f1,validation.tfrecord-00001-of-00150,151,9.025,91,10,1.00038,19,19,12,19,0,0,0,111,18,16,1,0,9,9,0,0,0,7.584,39.298,2,4,18,20.68
8554fdbe0a5ebb03,validation.tfrecord-00001-of-00150,152,9.001,91,10,0.99992,24,24,11,21,3,0,0,138,36,63,4,4,6,65,0,0,0,14.715,20.391,0,2,23,36.79
bab4ee924e38e6fa,validation.tfrecord-00001-of-00150,153,8.977,91,10,1.00012,29,29,22,29,0,0,0,106,47,36,8,6,3,51,0,0,0,3.416,18.975,0,4,28,36.78
fb1108bc6d34524a,validation.tfrecord-00001-of-00150,154,9.0,91,10,0.99991,43,43,31,42,0,1,0,486,33,67,0,16,17,16,0,15,905,5.851,24.341,2,4,42,100.0
39410aefdaaff3fb,validation.tfrecord-00001-of-00150,155,9.0,91,10,1.0,38,38,19,35,2,1,0,684,51,97,10,17,15,23,0,19,970,3.07,13.887,0,3,37,100.0
85ee2459c88d7288,validation.tfrecord-00001-of-00150,156,9.001,91,10,1.00038,121,121,36,94,27,0,0,45,12,27,9,8,1,24,0,0,0,0.893,9.64,0,5,120,100.0
5713b1ea60c9216f,validation.tfrecord-00001-of-00150,157,9.0,91,10,0.99986,73,73,33,68,3,2,0,196,59,34,3,7,7,17,0,21,1890,1.482,16.149,0,6,72,100.0
3eb5502555112ae1,validation.tfrecord-00001-of-00150,158,9.0,91,10,1.00001,51,51,27,49,2,0,0,309,42,48,4,7,2,10,0,20,1800,3.636,16.678,0,8,50,94.27
81eb0a7368564a5a,validation.tfrecord-00001-of-00150,159,8.995,91,10,1.00001,31,31,8,30,1,0,0,60,39,26,0,2,0,9,0,11,600,1.536,16.566,0,5,30,38.85
911cd7a95abcbdef,validation.tfrecord-00001-of-00150,160,9.0,91,10,0.99999,35,35,31,32,3,0,0,372,60,50,2,11,9,24,0,14,1274,4.205,18.216,0,3,34,94.91
f40ada486ab1539e,validation.tfrecord-00001-of-00150,161,9.0,91,10,0.99988,21,21,11,21,0,0,0,227,22,31,4,4,6,12,0,8,520,3.09,18.281,0,1,20,46.41
14fdb69f9d471107,validation.tfrecord-00001-of-00150,162,9.0,91,10,1.00019,2,2,2,2,0,0,0,170,29,44,4,1,7,31,0,5,35,20.168,21.03,0,1,1,22.85
b966b3703b02792a,validation.tfrecord-00001-of-00150,163,9.0,91,10,1.00001,127,127,55,124,2,1,0,88,31,21,2,4,1,40,0,21,1152,3.594,25.996,2,5,126,100.0
8cadf48ccb8e0455,validation.tfrecord-00001-of-00150,164,9.025,91,10,1.00032,14,14,2,14,0,0,0,100,16,20,2,0,2,24,0,0,0,2.145,6.222,2,2,13,14.3
ca926ab4025e3165,validation.tfrecord-00001-of-00150,165,8.999,91,10,0.99985,23,23,23,23,0,0,0,360,84,108,10,16,4,5,0,18,991,8.187,20.567,0,7,22,92.55
95db824df01641fa,validation.tfrecord-00001-of-00150,166,9.0,91,10,1.00027,45,45,22,35,10,0,0,125,20,57,6,16,0,24,0,3,270,2.706,14.015,0,4,44,84.45
e046e3b66b05cec3,validation.tfrecord-00001-of-00150,167,9.1,91,10,1.00007,115,115,51,90,25,0,0,329,84,49,10,9,11,71,0,8,676,4.193,35.462,2,3,114,100.0
7de7a4f8c7bd5e2a,validation.tfrecord-00001-of-00150,168,9.0,91,10,0.99944,30,30,6,27,0,3,0,134,29,52,2,10,5,56,0,5,450,3.44,15.359,2,3,29,52.37
71309541e5f88b2b,validation.tfrecord-00001-of-00150,169,9.0,91,10,1.00005,37,37,16,37,0,0,0,323,36,35,3,8,0,5,0,20,1800,1.117,14.483,0,1,36,83.24
600bc45c05b23c3c,validation.tfrecord-00001-of-00150,170,8.98,91,10,0.9945,111,111,21,101,10,0,0,252,52,30,3,6,10,22,0,17,357,0.8,18.41,2,3,110,100.0
823bd26a7a6b33df,validation.tfrecord-00001-of-00150,171,8.982,91,10,0.99999,105,105,46,99,6,0,0,260,81,47,8,25,8,23,0,21,1316,3.428,15.08,0,8,104,100.0
1b48b3c95c52ae58,validation.tfrecord-00001-of-00150,172,9.0,91,10,1.00003,42,42,25,42,0,0,0,376,71,38,2,8,8,12,0,13,1183,1.821,24.352,0,5,41,83.88
9710cae45d16f8b2,validation.tfrecord-00001-of-00150,173,9.0,91,10,0.99992,65,65,25,61,4,0,0,308,55,40,0,10,6,34,0,8,720,1.923,18.4,0,2,64,92.79
5f035bd26bb5600a,validation.tfrecord-00001-of-00150,174,8.999,91,10,0.99985,65,65,37,62,3,0,0,222,45,65,1,10,8,3,0,4,360,4.538,58.298,2,6,64,83.01
3cc75536aee6d298,validation.tfrecord-00001-of-00150,175,9.0,91,10,0.99995,38,38,17,33,5,0,0,233,40,47,2,13,3,18,0,14,1260,1.821,17.79,0,6,37,87.29
a004e06f7be67fe2,validation.tfrecord-00001-of-00150,176,9.0,91,10,0.99998,54,54,17,53,1,0,0,149,51,42,2,6,1,23,0,16,1456,2.214,22.899,2,8,53,70.57
58f88115659d32ca,validation.tfrecord-00001-of-00150,177,8.999,91,10,0.99985,132,132,49,81,51,0,0,88,7,39,12,12,0,101,0,0,0,0.558,6.996,2,4,131,100.0
7e644a731623741c,validation.tfrecord-00001-of-00150,178,9.0,91,10,1.00001,130,130,30,114,16,0,0,260,16,80,4,6,0,4,0,0,0,0.75,12.942,2,7,129,100.0
eb6d8ca9a651c986,validation.tfrecord-00001-of-00150,179,9.008,91,10,1.00556,5,5,4,2,3,0,0,44,17,19,7,10,3,0,0,0,0,3.018,9.067,0,2,4,28.22
7df07fcb3f7f1f4a,validation.tfrecord-00001-of-00150,180,8.982,91,10,1.00148,46,46,7,41,5,0,0,72,24,29,4,4,2,65,0,3,273,0.808,10.028,2,2,45,46.86
d339749a3725756c,validation.tfrecord-00001-of-00150,181,9.001,91,10,1.00004,11,11,4,11,0,0,0,47,13,15,5,1,2,30,0,0,0,2.101,18.392,0,1,10,11.06
d6ccf759aa4c4889,validation.tfrecord-00001-of-00150,182,9.0,91,10,0.99984,60,60,15,54,5,1,0,441,42,62,5,8,21,66,0,8,728,1.07,16.586,0,6,59,99.13
39c12d00b495d296,validation.tfrecord-00001-of-00150,183,8.986,91,10,0.9923,72,72,15,62,9,1,0,64,16,21,5,2,0,56,0,0,0,1.0,12.047,0,3,71,63.17
f4ecac362bf85dbe,validation.tfrecord-00001-of-00150,184,9.001,91,10,1.00122,89,89,52,43,46,0,0,167,20,61,7,15,8,19,0,3,273,1.169,9.632,0,3,88,100.0
545ff64fb5a9686b,validation.tfrecord-00001-of-00150,185,9.0,91,10,0.99993,133,133,54,124,7,2,0,595,94,90,5,14,8,28,0,27,1013,5.228,21.708,2,5,132,100.0
3390e52b47f9d5f5,validation.tfrecord-00001-of-00150,186,8.999,91,10,0.9998,163,163,50,153,10,0,0,159,25,34,0,5,5,17,0,9,174,4.544,39.794,0,6,162,100.0
73feceab31e0bfbd,validation.tfrecord-00001-of-00150,187,9.001,91,10,1.00064,23,23,6,20,3,0,0,121,40,41,1,5,7,8,0,10,900,1.341,10.34,0,1,22,47.28
9cc175f5a071ba57,validation.tfrecord-00001-of-00150,188,9.0,91,10,1.0001,5,5,2,4,1,0,0,101,20,22,10,3,0,62,0,0,0,6.803,9.744,2,2,4,17.38
243b3d01c6feb7ff,validation.tfrecord-00001-of-00150,189,8.978,91,10,0.99958,14,14,11,8,6,0,0,104,20,40,2,1,2,11,0,0,0,5.723,23.572,2,3,13,31.87
99036c0888c84629,validation.tfrecord-00001-of-00150,190,9.0,91,10,1.0,84,84,38,70,14,0,0,334,45,29,15,8,4,11,0,14,1260,2.179,22.399,0,5,83,100.0
e7a7a25b695c0d8b,validation.tfrecord-00001-of-00150,191,9.0,91,10,0.99988,20,20,17,19,1,0,0,165,59,67,9,9,2,17,0,0,0,5.068,18.217,0,2,19,42.75
c84a65ae34290001,validation.tfrecord-00001-of-00150,192,9.0,91,10,1.00063,125,125,34,115,10,0,0,299,60,25,0,5,4,18,0,17,242,2.061,19.558,2,6,124,100.0
47df4dc5210851c,validation.tfrecord-00001-of-00150,193,8.971,91,10,0.99059,209,209,51,200,9,0,0,189,34,29,2,6,3,27,0,10,161,1.889,14.771,2,8,208,100.0
8f66d6790b964ef2,validation.tfrecord-00001-of-00150,194,9.0,91,10,1.00008,36,36,19,32,4,0,0,365,69,53,2,11,3,2,0,13,1157,2.267,15.971,2,7,35,91.4
c10dde607caa9621,validation.tfrecord-00001-of-00150,195,9.001,91,10,1.00008,57,57,27,55,2,0,0,478,52,112,18,28,12,27,0,0,0,7.778,21.543,0,4,56,100.0
49ecac291f58c34b,validation.tfrecord-00001-of-00150,196,9.0,91,10,0.99977,63,63,19,62,1,0,0,447,79,53,2,17,16,15,0,18,1008,2.231,13.217,0,8,62,100.0
9b4d02750220fe1d,validation.tfrecord-00001-of-00150,197,9.0,91,10,1.00018,93,93,33,80,13,0,0,171,39,33,2,8,5,32,0,0,0,4.256,22.598,0,5,92,100.0
b95f8a625a0c292b,validation.tfrecord-00001-of-00150,198,9.0,91,10,0.99979,40,40,13,37,3,0,0,528,45,75,0,17,15,12,0,19,1407,2.301,22.28,0,4,39,100.0
6d7f5fbd9bd10d1e,validation.tfrecord-00001-of-00150,199,9.0,91,10,1.00006,84,84,44,55,29,0,0,341,41,37,1,9,8,11,0,16,1440,1.67,14.331,0,7,83,100.0
b6d02bd2189d580d,validation.tfrecord-00001-of-00150,200,9.0,91,10,0.99985,51,51,22,51,0,0,0,475,71,50,1,8,16,15,0,16,1216,2.587,18.056,0,6,50,98.1
f3bfd525d801eb8d,validation.tfrecord-00001-of-00150,201,9.0,91,10,0.99984,11,11,9,11,0,0,0,162,31,36,3,4,2,5,0,0,0,18.491,22.477,0,1,10,26.51
de9aa94465f16860,validation.tfrecord-00001-of-00150,202,9.0,91,10,1.00016,61,61,31,60,1,0,0,282,46,69,5,5,10,53,0,7,582,9.229,89.131,0,1,60,76.16
e83fd27c7ffbee88,validation.tfrecord-00001-of-00150,203,9.0,91,10,1.00001,43,43,37,41,2,0,0,106,13,28,0,2,4,54,0,0,0,7.298,28.531,2,3,42,45.83
e2102cce20b6df52,validation.tfrecord-00001-of-00150,204,9.0,91,10,0.99988,78,78,29,73,5,0,0,437,28,53,2,9,14,9,0,5,450,2.037,17.738,2,7,77,100.0
c87c01b2ef395445,validation.tfrecord-00001-of-00150,205,8.999,91,10,1.00006,96,96,20,96,0,0,0,424,51,49,4,16,7,32,0,12,308,2.371,25.793,2,4,95,100.0
818c7d6ef3368c15,validation.tfrecord-00001-of-00150,206,9.012,91,10,1.0025,16,16,12,13,3,0,0,155,60,56,3,14,3,33,0,11,508,3.617,15.391,0,5,15,64.05
7d76633ac94e98fb,validation.tfrecord-00001-of-00150,207,9.0,91,10,0.99988,51,51,32,36,15,0,0,566,48,84,5,18,14,11,0,14,1024,3.454,17.792,2,4,50,100.0
ab47a1b2074f1fac,validation.tfrecord-00001-of-00150,208,9.002,91,10,1.00105,42,42,21,23,16,3,0,216,40,68,9,17,8,12,0,9,801,1.461,11.57,0,4,41,100.0
20abe82f1348a80c,validation.tfrecord-00001-of-00150,209,9.001,91,10,1.00022,115,115,36,106,6,3,0,168,47,68,5,9,0,57,0,21,881,2.475,17.962,0,5,114,100.0
163388f2772d3a20,validation.tfrecord-00001-of-00150,210,9.0,91,10,1.00006,41,41,13,40,1,0,0,42,6,19,4,1,4,44,0,0,0,1.644,13.868,0,4,40,27.91
b2b414ebe32ea525,validation.tfrecord-00001-of-00150,211,9.0,91,10,1.0002,76,76,18,68,7,1,0,561,47,69,2,15,14,25,0,7,637,2.986,21.52,0,1,75,100.0
94a438dfe6711d6d,validation.tfrecord-00001-of-00150,212,9.019,91,10,0.99995,123,123,15,116,7,0,0,236,8,63,21,25,5,13,0,0,0,0.232,13.057,0,4,122,100.0
9defba765518bd00,validation.tfrecord-00001-of-00150,213,9.001,91,10,1.00002,31,31,23,27,0,4,0,132,45,38,4,6,1,56,0,8,712,2.364,13.152,0,5,30,58.41
